base_change	read_num	reference_order	fragment_position	count
A>A	1	1	1	1454
A>T	1	1	1	1
C>A	1	1	1	1
C>C	1	1	1	1423
C>T	1	1	1	147
G>C	1	1	1	1
G>G	1	1	1	1400
G>T	1	1	1	42
T>A	1	1	1	1
T>C	1	1	1	1
T>G	1	1	1	2
T>T	1	1	1	1527
A>A	1	1	2	1472
A>G	1	1	2	1
A>T	1	1	2	1
C>A	1	1	2	1
C>C	1	1	2	1410
C>T	1	1	2	153
G>A	1	1	2	2
G>G	1	1	2	1400
G>T	1	1	2	28
T>A	1	1	2	5
T>C	1	1	2	1
T>G	1	1	2	1
T>T	1	1	2	1525
A>A	1	1	3	1383
A>T	1	1	3	1
C>C	1	1	3	1445
C>T	1	1	3	114
G>A	1	1	3	2
G>G	1	1	3	1456
G>T	1	1	3	41
T>C	1	1	3	1
T>G	1	1	3	1
T>T	1	1	3	1556
A>A	1	1	4	1424
A>C	1	1	4	1
A>G	1	1	4	2
A>T	1	1	4	2
C>A	1	1	4	2
C>C	1	1	4	1509
C>G	1	1	4	1
C>T	1	1	4	105
G>A	1	1	4	2
G>C	1	1	4	2
G>G	1	1	4	1421
G>T	1	1	4	22
T>G	1	1	4	1
T>T	1	1	4	1506
A>A	1	1	5	1474
A>C	1	1	5	1
A>G	1	1	5	2
C>C	1	1	5	1441
C>G	1	1	5	1
C>T	1	1	5	91
G>A	1	1	5	3
G>C	1	1	5	1
G>G	1	1	5	1448
G>T	1	1	5	29
T>A	1	1	5	2
T>G	1	1	5	2
T>T	1	1	5	1505
A>A	1	1	6	1463
A>C	1	1	6	1
A>G	1	1	6	2
A>T	1	1	6	1
C>A	1	1	6	1
C>C	1	1	6	1455
C>G	1	1	6	2
C>T	1	1	6	51
G>A	1	1	6	1
G>C	1	1	6	1
G>G	1	1	6	1476
G>T	1	1	6	17
T>A	1	1	6	1
T>C	1	1	6	1
T>G	1	1	6	1
T>T	1	1	6	1526
A>A	1	1	7	1416
A>C	1	1	7	1
C>C	1	1	7	1495
C>G	1	1	7	1
C>T	1	1	7	38
G>A	1	1	7	2
G>C	1	1	7	3
G>G	1	1	7	1515
G>T	1	1	7	21
T>A	1	1	7	2
T>C	1	1	7	1
T>G	1	1	7	2
T>T	1	1	7	1503
A>A	1	1	8	1442
A>C	1	1	8	1
A>G	1	1	8	1
C>C	1	1	8	1519
C>T	1	1	8	21
G>A	1	1	8	2
G>G	1	1	8	1473
G>T	1	1	8	10
T>A	1	1	8	2
T>T	1	1	8	1529
A>A	1	1	9	1471
A>C	1	1	9	1
C>A	1	1	9	1
C>C	1	1	9	1569
C>G	1	1	9	1
C>T	1	1	9	1
G>A	1	1	9	1
G>G	1	1	9	1403
G>T	1	1	9	14
T>A	1	1	9	2
T>C	1	1	9	3
T>T	1	1	9	1533
A>A	1	1	10	1456
A>C	1	1	10	1
A>G	1	1	10	1
A>T	1	1	10	1
C>C	1	1	10	1523
C>G	1	1	10	3
G>C	1	1	10	2
G>G	1	1	10	1512
G>T	1	1	10	14
T>A	1	1	10	2
T>C	1	1	10	2
T>G	1	1	10	1
T>T	1	1	10	1482
A>A	1	1	11	1427
A>C	1	1	11	1
A>G	1	1	11	1
A>T	1	1	11	2
C>C	1	1	11	1478
C>G	1	1	11	1
C>T	1	1	11	3
G>A	1	1	11	2
G>C	1	1	11	3
G>G	1	1	11	1473
G>T	1	1	11	9
T>A	1	1	11	6
T>C	1	1	11	2
T>T	1	1	11	1592
A>A	1	1	12	1398
A>C	1	1	12	1
A>G	1	1	12	3
A>T	1	1	12	2
C>A	1	1	12	1
C>C	1	1	12	1559
C>T	1	1	12	1
G>A	1	1	12	1
G>C	1	1	12	1
G>G	1	1	12	1507
G>T	1	1	12	15
T>A	1	1	12	7
T>T	1	1	12	1504
A>A	1	1	13	1427
A>C	1	1	13	1
A>G	1	1	13	2
C>A	1	1	13	2
C>C	1	1	13	1565
C>G	1	1	13	2
C>T	1	1	13	1
G>G	1	1	13	1464
G>T	1	1	13	9
T>A	1	1	13	1
T>G	1	1	13	1
T>T	1	1	13	1525
A>A	1	1	14	1449
A>C	1	1	14	1
A>G	1	1	14	1
A>T	1	1	14	1
C>A	1	1	14	1
C>C	1	1	14	1519
C>T	1	1	14	1
G>A	1	1	14	1
G>C	1	1	14	2
G>G	1	1	14	1490
G>T	1	1	14	5
T>A	1	1	14	3
T>C	1	1	14	4
T>G	1	1	14	1
T>T	1	1	14	1521
A>A	1	1	15	1471
A>C	1	1	15	1
C>C	1	1	15	1531
C>G	1	1	15	1
G>C	1	1	15	3
G>G	1	1	15	1501
G>T	1	1	15	3
T>G	1	1	15	1
T>T	1	1	15	1488
A>A	1	1	16	1431
A>C	1	1	16	4
A>G	1	1	16	1
A>T	1	1	16	2
C>C	1	1	16	1518
C>T	1	1	16	1
G>C	1	1	16	2
G>G	1	1	16	1506
G>T	1	1	16	2
T>A	1	1	16	2
T>C	1	1	16	2
T>G	1	1	16	3
T>T	1	1	16	1526
A>A	1	1	17	1436
A>C	1	1	17	1
C>A	1	1	17	1
C>C	1	1	17	1500
C>G	1	1	17	2
C>T	1	1	17	2
G>C	1	1	17	1
G>G	1	1	17	1513
T>A	1	1	17	2
T>C	1	1	17	2
T>T	1	1	17	1540
A>A	1	1	18	1383
A>C	1	1	18	1
A>G	1	1	18	2
A>T	1	1	18	3
C>A	1	1	18	1
C>C	1	1	18	1529
C>G	1	1	18	1
C>T	1	1	18	2
G>C	1	1	18	1
G>G	1	1	18	1499
G>T	1	1	18	1
T>C	1	1	18	1
T>G	1	1	18	1
T>T	1	1	18	1575
A>A	1	1	19	1525
C>A	1	1	19	1
C>C	1	1	19	1452
C>G	1	1	19	1
G>C	1	1	19	1
G>G	1	1	19	1496
T>C	1	1	19	1
T>G	1	1	19	2
T>T	1	1	19	1521
A>A	1	1	20	1459
A>C	1	1	20	2
C>A	1	1	20	1
C>C	1	1	20	1569
C>G	1	1	20	1
C>T	1	1	20	1
G>A	1	1	20	2
G>C	1	1	20	2
G>G	1	1	20	1520
G>T	1	1	20	1
T>A	1	1	20	1
T>C	1	1	20	2
T>G	1	1	20	1
T>T	1	1	20	1438
A>A	1	1	21	1430
A>G	1	1	21	1
A>T	1	1	21	1
C>A	1	1	21	1
C>C	1	1	21	1543
C>T	1	1	21	1
G>G	1	1	21	1464
G>T	1	1	21	3
T>C	1	1	21	1
T>T	1	1	21	1555
A>A	1	1	22	1432
A>T	1	1	22	1
C>C	1	1	22	1486
C>G	1	1	22	1
C>T	1	1	22	2
G>A	1	1	22	1
G>C	1	1	22	1
G>G	1	1	22	1531
T>A	1	1	22	4
T>C	1	1	22	2
T>G	1	1	22	1
T>T	1	1	22	1538
A>A	1	1	23	1468
A>C	1	1	23	1
A>G	1	1	23	1
C>C	1	1	23	1493
G>C	1	1	23	2
G>G	1	1	23	1520
G>T	1	1	23	1
T>A	1	1	23	3
T>G	1	1	23	2
T>T	1	1	23	1509
A>A	1	1	24	1395
A>C	1	1	24	2
A>T	1	1	24	1
C>A	1	1	24	4
C>C	1	1	24	1515
G>G	1	1	24	1492
G>T	1	1	24	1
T>A	1	1	24	2
T>C	1	1	24	3
T>T	1	1	24	1585
A>A	1	1	25	1444
A>C	1	1	25	1
A>G	1	1	25	1
C>A	1	1	25	2
C>C	1	1	25	1489
G>A	1	1	25	1
G>G	1	1	25	1522
G>T	1	1	25	2
T>A	1	1	25	3
T>G	1	1	25	3
T>T	1	1	25	1532
A>A	1	1	26	1447
C>A	1	1	26	1
C>C	1	1	26	1540
C>T	1	1	26	2
G>A	1	1	26	1
G>G	1	1	26	1511
G>T	1	1	26	2
T>A	1	1	26	2
T>G	1	1	26	1
T>T	1	1	26	1493
A>A	1	1	27	1508
A>G	1	1	27	4
A>T	1	1	27	1
C>A	1	1	27	2
C>C	1	1	27	1443
G>A	1	1	27	1
G>C	1	1	27	2
G>G	1	1	27	1504
T>A	1	1	27	1
T>T	1	1	27	1534
A>A	1	1	28	1472
A>G	1	1	28	1
A>T	1	1	28	1
C>A	1	1	28	1
C>C	1	1	28	1546
C>G	1	1	28	2
G>A	1	1	28	1
G>C	1	1	28	2
G>G	1	1	28	1435
T>A	1	1	28	1
T>G	1	1	28	1
T>T	1	1	28	1537
A>A	1	1	29	1403
A>C	1	1	29	2
C>C	1	1	29	1526
C>T	1	1	29	2
G>A	1	1	29	1
G>C	1	1	29	1
G>G	1	1	29	1537
T>A	1	1	29	2
T>C	1	1	29	1
T>T	1	1	29	1525
A>A	1	1	30	1436
A>C	1	1	30	1
A>T	1	1	30	1
C>C	1	1	30	1457
C>T	1	1	30	1
G>A	1	1	30	3
G>C	1	1	30	3
G>G	1	1	30	1488
T>C	1	1	30	1
T>G	1	1	30	1
T>T	1	1	30	1608
