REGION	POS	REF	ALT	REF_DP	REF_RV	REF_QUAL	ALT_DP	ALT_RV	ALT_QUAL	ALT_FREQ	TOTAL_DP	PVAL	PASS	GFF_FEATURE	REF_CODON	REF_AA	ALT_CODON	ALT_AA
NC_045512.2	241	C	T	4	1	66	301	9	70	0.98366	306	4.84585e-235	TRUE	NA	NA	NA	NA	NA
NC_045512.2	1338	G	A	113	24	40	4	3	37	0.0336134	119	0.0497908	FALSE	cds-YP_009724389.1	GGT	G	GAT	D
NC_045512.2	1338	G	A	113	24	40	4	3	37	0.0336134	119	0.0497908	FALSE	cds-YP_009725295.1	GGT	G	GAT	D
NC_045512.2	1619	G	+AA	186	92	39	10	0	20	0.0510204	196	0.00545056	TRUE	NA	NA	NA	NA	NA
NC_045512.2	1657	T	C	111	19	42	4	1	37	0.034188	117	0.0471978	FALSE	cds-YP_009724389.1	GTT	V	GTC	V
NC_045512.2	1657	T	C	111	19	42	4	1	37	0.034188	117	0.0471978	FALSE	cds-YP_009725295.1	GTT	V	GTC	V
NC_045512.2	1875	C	T	64	39	39	30	23	42	0.315789	95	1.28752e-11	TRUE	cds-YP_009724389.1	GCA	A	GTA	V
NC_045512.2	1875	C	T	64	39	39	30	23	42	0.315789	95	1.28752e-11	TRUE	cds-YP_009725295.1	GCA	A	GTA	V
NC_045512.2	1964	A	-N	159	41	41	7	0	20	0.0388889	180	0.0262849	FALSE	NA	NA	NA	NA	NA
NC_045512.2	1965	T	C	148	40	40	5	2	44	0.0316456	158	0.0200558	FALSE	cds-YP_009724389.1	ATA	I	ACA	T
NC_045512.2	1965	T	C	148	40	40	5	2	44	0.0316456	158	0.0200558	FALSE	cds-YP_009725295.1	ATA	I	ACA	T
NC_045512.2	2097	A	G	182	62	45	6	2	54	0.0315789	190	0.00696158	TRUE	cds-YP_009724389.1	CAG	Q	CGG	R
NC_045512.2	2097	A	G	182	62	45	6	2	54	0.0315789	190	0.00696158	TRUE	cds-YP_009725295.1	CAG	Q	CGG	R
NC_045512.2	2270	A	T	160	22	38	6	1	38	0.0357143	168	0.0133919	FALSE	cds-YP_009724389.1	AAG	K	TAG	*
NC_045512.2	2270	A	T	160	22	38	6	1	38	0.0357143	168	0.0133919	FALSE	cds-YP_009725295.1	AAG	K	TAG	*
NC_045512.2	3037	C	T	0	0	0	137	11	62	1	137	7.55085e-104	TRUE	cds-YP_009724389.1	TTC	F	TTT	F
NC_045512.2	3037	C	T	0	0	0	137	11	62	1	137	7.55085e-104	TRUE	cds-YP_009725295.1	TTC	F	TTT	F
NC_045512.2	3838	G	T	11	4	37	1	0	38	0.0833333	12	0.521739	FALSE	cds-YP_009724389.1	TTG	L	TTT	F
NC_045512.2	3838	G	T	11	4	37	1	0	38	0.0833333	12	0.521739	FALSE	cds-YP_009725295.1	TTG	L	TTT	F
NC_045512.2	3848	A	G	11	3	36	1	1	38	0.0833333	12	0.521739	FALSE	cds-YP_009724389.1	AGT	S	GGT	G
NC_045512.2	3848	A	G	11	3	36	1	1	38	0.0833333	12	0.521739	FALSE	cds-YP_009725295.1	AGT	S	GGT	G
NC_045512.2	3852	A	G	11	4	36	1	0	38	0.0833333	12	0.521739	FALSE	cds-YP_009724389.1	GAA	E	GGA	G
NC_045512.2	3852	A	G	11	4	36	1	0	38	0.0833333	12	0.521739	FALSE	cds-YP_009725295.1	GAA	E	GGA	G
NC_045512.2	3853	A	G	11	4	37	1	0	37	0.0833333	12	0.521739	FALSE	cds-YP_009724389.1	GAA	E	GAG	E
NC_045512.2	3853	A	G	11	4	37	1	0	37	0.0833333	12	0.521739	FALSE	cds-YP_009725295.1	GAA	E	GAG	E
NC_045512.2	3917	A	G	13	5	43	1	1	37	0.0714286	14	0.482759	FALSE	cds-YP_009724389.1	AGT	S	GGT	G
NC_045512.2	3917	A	G	13	5	43	1	1	37	0.0714286	14	0.482759	FALSE	cds-YP_009725295.1	AGT	S	GGT	G
NC_045512.2	3921	A	G	13	6	43	1	0	38	0.0714286	14	0.482759	FALSE	cds-YP_009724389.1	AAA	K	AGA	R
NC_045512.2	3921	A	G	13	6	43	1	0	38	0.0714286	14	0.482759	FALSE	cds-YP_009725295.1	AAA	K	AGA	R
NC_045512.2	3946	A	G	15	8	41	1	0	38	0.0625	16	0.484848	FALSE	cds-YP_009724389.1	CAA	Q	CAG	Q
NC_045512.2	3946	A	G	15	8	41	1	0	38	0.0625	16	0.484848	FALSE	cds-YP_009725295.1	CAA	Q	CAG	Q
NC_045512.2	3964	A	G	15	7	42	1	1	38	0.0625	16	0.484848	FALSE	cds-YP_009724389.1	AAA	K	AAG	K
NC_045512.2	3964	A	G	15	7	42	1	1	38	0.0625	16	0.484848	FALSE	cds-YP_009725295.1	AAA	K	AAG	K
NC_045512.2	3968	T	G	15	8	42	1	0	38	0.0625	16	0.484848	FALSE	cds-YP_009724389.1	TGT	C	GGT	G
NC_045512.2	3968	T	G	15	8	42	1	0	38	0.0625	16	0.484848	FALSE	cds-YP_009725295.1	TGT	C	GGT	G
NC_045512.2	3981	T	C	17	10	42	1	0	38	0.0555556	18	0.486486	FALSE	cds-YP_009724389.1	GTT	V	GCT	A
NC_045512.2	3981	T	C	17	10	42	1	0	38	0.0555556	18	0.486486	FALSE	cds-YP_009725295.1	GTT	V	GCT	A
NC_045512.2	3985	A	T	16	8	41	1	1	38	0.0588235	17	0.472222	FALSE	cds-YP_009724389.1	ACA	T	ACT	T
NC_045512.2	3985	A	T	16	8	41	1	1	38	0.0588235	17	0.472222	FALSE	cds-YP_009725295.1	ACA	T	ACT	T
NC_045512.2	3988	A	G	17	9	42	1	1	38	0.0555556	18	0.486486	FALSE	cds-YP_009724389.1	ACA	T	ACG	T
NC_045512.2	3988	A	G	17	9	42	1	1	38	0.0555556	18	0.486486	FALSE	cds-YP_009725295.1	ACA	T	ACG	T
NC_045512.2	4000	A	G	18	11	40	1	0	35	0.0526316	19	0.487179	FALSE	cds-YP_009724389.1	GAA	E	GAG	E
NC_045512.2	4000	A	G	18	11	40	1	0	35	0.0526316	19	0.487179	FALSE	cds-YP_009725295.1	GAA	E	GAG	E
NC_045512.2	4018	A	G	17	11	40	1	1	38	0.0555556	18	0.486486	FALSE	cds-YP_009724389.1	GAA	E	GAG	E
NC_045512.2	4018	A	G	17	11	40	1	1	38	0.0555556	18	0.486486	FALSE	cds-YP_009725295.1	GAA	E	GAG	E
NC_045512.2	4030	T	C	18	13	39	1	1	34	0.05	20	0.487179	FALSE	cds-YP_009724389.1	CTT	L	CTC	L
NC_045512.2	4030	T	C	18	13	39	1	1	34	0.05	20	0.487179	FALSE	cds-YP_009725295.1	CTT	L	CTC	L
NC_045512.2	4030	T	A	18	13	39	1	0	21	0.05	20	0.487179	FALSE	cds-YP_009724389.1	CTT	L	CTA	L
NC_045512.2	4030	T	A	18	13	39	1	0	21	0.05	20	0.487179	FALSE	cds-YP_009725295.1	CTT	L	CTA	L
NC_045512.2	4034	A	G	19	13	39	1	1	38	0.05	20	0.5	FALSE	cds-YP_009724389.1	ATT	I	GTT	V
NC_045512.2	4034	A	G	19	13	39	1	1	38	0.05	20	0.5	FALSE	cds-YP_009725295.1	ATT	I	GTT	V
NC_045512.2	4054	T	C	19	12	39	2	2	37	0.0952381	21	0.232558	FALSE	cds-YP_009724389.1	CTT	L	CTC	L
NC_045512.2	4054	T	C	19	12	39	2	2	37	0.0952381	21	0.232558	FALSE	cds-YP_009725295.1	CTT	L	CTC	L
NC_045512.2	4432	G	A	27	5	40	1	0	38	0.0357143	28	0.482759	FALSE	cds-YP_009724389.1	ATG	M	ATA	I
NC_045512.2	4432	G	A	27	5	40	1	0	38	0.0357143	28	0.482759	FALSE	cds-YP_009725295.1	ATG	M	ATA	I
NC_045512.2	4451	A	T	22	5	39	1	0	38	0.0434783	23	0.489362	FALSE	cds-YP_009724389.1	AAA	K	TAA	*
NC_045512.2	4451	A	T	22	5	39	1	0	38	0.0434783	23	0.489362	FALSE	cds-YP_009725295.1	AAA	K	TAA	*
NC_045512.2	4479	A	G	15	4	38	1	0	72	0.0625	16	0.444444	FALSE	cds-YP_009724389.1	AAA	K	AGA	R
NC_045512.2	4479	A	G	15	4	38	1	0	72	0.0625	16	0.444444	FALSE	cds-YP_009725295.1	AAA	K	AGA	R
NC_045512.2	4506	G	T	19	5	39	1	0	38	0.05	20	0.487805	FALSE	cds-YP_009724389.1	GGT	G	GTT	V
NC_045512.2	4506	G	T	19	5	39	1	0	38	0.05	20	0.487805	FALSE	cds-YP_009725295.1	GGT	G	GTT	V
NC_045512.2	4508	G	A	18	4	36	1	0	38	0.0526316	19	0.5	FALSE	cds-YP_009724389.1	GTG	V	ATG	M
NC_045512.2	4508	G	A	18	4	36	1	0	38	0.0526316	19	0.5	FALSE	cds-YP_009725295.1	GTG	V	ATG	M
NC_045512.2	4541	A	G	15	6	36	1	0	38	0.0625	16	0.516129	FALSE	cds-YP_009724389.1	ACC	T	GCC	A
NC_045512.2	4541	A	G	15	6	36	1	0	38	0.0625	16	0.516129	FALSE	cds-YP_009725295.1	ACC	T	GCC	A
NC_045512.2	4601	G	A	13	7	37	1	1	38	0.0714286	14	0.518519	FALSE	cds-YP_009724389.1	GTT	V	ATT	I
NC_045512.2	4601	G	A	13	7	37	1	1	38	0.0714286	14	0.518519	FALSE	cds-YP_009725295.1	GTT	V	ATT	I
NC_045512.2	4602	T	G	13	8	37	1	0	38	0.0714286	14	0.518519	FALSE	cds-YP_009724389.1	GTT	V	GGT	G
NC_045512.2	4602	T	G	13	8	37	1	0	38	0.0714286	14	0.518519	FALSE	cds-YP_009725295.1	GTT	V	GGT	G
NC_045512.2	4635	T	-N	16	7	37	3	0	20	0.1875	16	0.161932	FALSE	NA	NA	NA	NA	NA
NC_045512.2	5016	T	-N	40	3	38	6	0	20	0.142857	42	0.0185488	FALSE	NA	NA	NA	NA	NA
NC_045512.2	5018	G	T	30	3	37	2	0	38	0.0588235	34	0.231235	FALSE	cds-YP_009724389.1	GAC	D	TAC	Y
NC_045512.2	5018	G	T	30	3	37	2	0	38	0.0588235	34	0.231235	FALSE	cds-YP_009725295.1	GAC	D	TAC	Y
NC_045512.2	5018	G	A	30	3	37	2	0	56	0.0588235	34	0.231235	FALSE	cds-YP_009724389.1	GAC	D	AAC	N
NC_045512.2	5018	G	A	30	3	37	2	0	56	0.0588235	34	0.231235	FALSE	cds-YP_009725295.1	GAC	D	AAC	N
NC_045512.2	5022	T	C	32	3	42	2	0	38	0.0588235	34	0.225755	FALSE	cds-YP_009724389.1	ATG	M	ACG	T
NC_045512.2	5022	T	C	32	3	42	2	0	38	0.0588235	34	0.225755	FALSE	cds-YP_009725295.1	ATG	M	ACG	T
NC_045512.2	5050	T	C	30	3	40	1	0	38	0.0322581	31	0.455882	FALSE	cds-YP_009724389.1	GGT	G	GGC	G
NC_045512.2	5050	T	C	30	3	40	1	0	38	0.0322581	31	0.455882	FALSE	cds-YP_009725295.1	GGT	G	GGC	G
NC_045512.2	5059	T	A	32	3	41	1	0	36	0.030303	33	0.478261	FALSE	cds-YP_009724389.1	TAT	Y	TAA	*
NC_045512.2	5059	T	A	32	3	41	1	0	36	0.030303	33	0.478261	FALSE	cds-YP_009725295.1	TAT	Y	TAA	*
NC_045512.2	5061	T	A	32	2	41	1	1	37	0.030303	33	0.478261	FALSE	cds-YP_009724389.1	TTG	L	TAG	*
NC_045512.2	5061	T	A	32	2	41	1	1	37	0.030303	33	0.478261	FALSE	cds-YP_009725295.1	TTG	L	TAG	*
NC_045512.2	5089	A	G	31	3	41	1	0	37	0.03125	32	0.477612	FALSE	cds-YP_009724389.1	AAA	K	AAG	K
NC_045512.2	5089	A	G	31	3	41	1	0	37	0.03125	32	0.477612	FALSE	cds-YP_009725295.1	AAA	K	AAG	K
NC_045512.2	5092	T	C	31	3	42	1	0	38	0.03125	32	0.477612	FALSE	cds-YP_009724389.1	CCT	P	CCC	P
NC_045512.2	5092	T	C	31	3	42	1	0	38	0.03125	32	0.477612	FALSE	cds-YP_009725295.1	CCT	P	CCC	P
NC_045512.2	5114	A	G	31	3	42	1	0	38	0.03125	32	0.477612	FALSE	cds-YP_009724389.1	ACA	T	GCA	A
NC_045512.2	5114	A	G	31	3	42	1	0	38	0.03125	32	0.477612	FALSE	cds-YP_009725295.1	ACA	T	GCA	A
NC_045512.2	5136	A	G	31	3	40	1	0	72	0.03125	32	0.477612	FALSE	cds-YP_009724389.1	GAT	D	GGT	G
NC_045512.2	5136	A	G	31	3	40	1	0	72	0.03125	32	0.477612	FALSE	cds-YP_009725295.1	GAT	D	GGT	G
NC_045512.2	5141	A	G	30	3	42	1	0	38	0.0322581	31	0.476923	FALSE	cds-YP_009724389.1	ACT	T	GCT	A
NC_045512.2	5141	A	G	30	3	42	1	0	38	0.0322581	31	0.476923	FALSE	cds-YP_009725295.1	ACT	T	GCT	A
NC_045512.2	5142	C	T	30	3	41	1	0	66	0.0322581	31	0.476923	FALSE	cds-YP_009724389.1	ACT	T	ATT	I
NC_045512.2	5142	C	T	30	3	41	1	0	66	0.0322581	31	0.476923	FALSE	cds-YP_009725295.1	ACT	T	ATT	I
NC_045512.2	5143	T	A	30	3	41	1	0	38	0.0322581	31	0.476923	FALSE	cds-YP_009724389.1	ACT	T	ACA	T
NC_045512.2	5143	T	A	30	3	41	1	0	38	0.0322581	31	0.476923	FALSE	cds-YP_009725295.1	ACT	T	ACA	T
NC_045512.2	5144	C	T	30	3	42	1	0	38	0.0322581	31	0.476923	FALSE	cds-YP_009724389.1	CTA	L	TTA	L
NC_045512.2	5144	C	T	30	3	42	1	0	38	0.0322581	31	0.476923	FALSE	cds-YP_009725295.1	CTA	L	TTA	L
NC_045512.2	5152	T	C	29	3	40	1	0	76	0.0333333	30	0.47619	FALSE	cds-YP_009724389.1	GTT	V	GTC	V
NC_045512.2	5152	T	C	29	3	40	1	0	76	0.0333333	30	0.47619	FALSE	cds-YP_009725295.1	GTT	V	GTC	V
NC_045512.2	5174	A	G	29	3	42	1	0	38	0.0333333	30	0.47619	FALSE	cds-YP_009724389.1	ACA	T	GCA	A
NC_045512.2	5174	A	G	29	3	42	1	0	38	0.0333333	30	0.47619	FALSE	cds-YP_009725295.1	ACA	T	GCA	A
NC_045512.2	5177	A	T	29	3	42	1	0	37	0.0333333	30	0.47619	FALSE	cds-YP_009724389.1	ACT	T	TCT	S
NC_045512.2	5177	A	T	29	3	42	1	0	37	0.0333333	30	0.47619	FALSE	cds-YP_009725295.1	ACT	T	TCT	S
NC_045512.2	5201	T	C	28	3	42	1	0	32	0.0344828	29	0.47541	FALSE	cds-YP_009724389.1	TAC	Y	CAC	H
NC_045512.2	5201	T	C	28	3	42	1	0	32	0.0344828	29	0.47541	FALSE	cds-YP_009725295.1	TAC	Y	CAC	H
NC_045512.2	5209	A	T	25	3	43	1	0	38	0.0384615	26	0.472727	FALSE	cds-YP_009724389.1	TCA	S	TCT	S
NC_045512.2	5209	A	T	25	3	43	1	0	38	0.0384615	26	0.472727	FALSE	cds-YP_009725295.1	TCA	S	TCT	S
NC_045512.2	5219	C	T	25	3	43	1	0	38	0.0384615	26	0.472727	FALSE	cds-YP_009724389.1	CAC	H	TAC	Y
NC_045512.2	5219	C	T	25	3	43	1	0	38	0.0384615	26	0.472727	FALSE	cds-YP_009725295.1	CAC	H	TAC	Y
NC_045512.2	5220	A	G	25	3	43	1	0	37	0.0384615	26	0.472727	FALSE	cds-YP_009724389.1	CAC	H	CGC	R
NC_045512.2	5220	A	G	25	3	43	1	0	37	0.0384615	26	0.472727	FALSE	cds-YP_009725295.1	CAC	H	CGC	R
NC_045512.2	5230	G	A	23	2	42	1	1	38	0.0416667	24	0.461538	FALSE	cds-YP_009724389.1	AAG	K	AAA	K
NC_045512.2	5230	G	A	23	2	42	1	1	38	0.0416667	24	0.461538	FALSE	cds-YP_009725295.1	AAG	K	AAA	K
NC_045512.2	5249	A	T	13	8	36	1	0	38	0.0714286	14	0.518519	FALSE	cds-YP_009724389.1	AAT	N	TAT	Y
NC_045512.2	5249	A	T	13	8	36	1	0	38	0.0714286	14	0.518519	FALSE	cds-YP_009725295.1	AAT	N	TAT	Y
NC_045512.2	5279	A	G	7	4	37	1	0	38	0.125	8	0.533333	FALSE	cds-YP_009724389.1	AAC	N	GAC	D
NC_045512.2	5279	A	G	7	4	37	1	0	38	0.125	8	0.533333	FALSE	cds-YP_009725295.1	AAC	N	GAC	D
NC_045512.2	5289	A	T	6	3	38	1	1	38	0.142857	7	0.538462	FALSE	cds-YP_009724389.1	TAT	Y	TTT	F
NC_045512.2	5289	A	T	6	3	38	1	1	38	0.142857	7	0.538462	FALSE	cds-YP_009725295.1	TAT	Y	TTT	F
NC_045512.2	5299	T	C	4	0	37	1	0	38	0.2	5	0.555556	FALSE	cds-YP_009724389.1	ACT	T	ACC	T
NC_045512.2	5299	T	C	4	0	37	1	0	38	0.2	5	0.555556	FALSE	cds-YP_009725295.1	ACT	T	ACC	T
NC_045512.2	5309	A	G	4	0	38	1	0	38	0.2	5	0.555556	FALSE	cds-YP_009724389.1	ACA	T	GCA	A
NC_045512.2	5309	A	G	4	0	38	1	0	38	0.2	5	0.555556	FALSE	cds-YP_009725295.1	ACA	T	GCA	A
NC_045512.2	5333	T	C	5	1	38	2	1	56	0.285714	7	0.230769	FALSE	cds-YP_009724389.1	TTT	F	CTT	L
NC_045512.2	5333	T	C	5	1	38	2	1	56	0.285714	7	0.230769	FALSE	cds-YP_009725295.1	TTT	F	CTT	L
NC_045512.2	5441	G	-NN	58	49	41	2	0	20	0.0307692	65	0.232101	FALSE	NA	NA	NA	NA	NA
NC_045512.2	5483	A	G	63	53	42	2	2	38	0.0307692	65	0.220036	FALSE	cds-YP_009724389.1	AAT	N	GAT	D
NC_045512.2	5483	A	G	63	53	42	2	2	38	0.0307692	65	0.220036	FALSE	cds-YP_009725295.1	AAT	N	GAT	D
NC_045512.2	6323	G	A	58	7	47	2	0	76	0.0327869	61	0.184548	FALSE	cds-YP_009724389.1	GAA	E	AAA	K
NC_045512.2	6323	G	A	58	7	47	2	0	76	0.0327869	61	0.184548	FALSE	cds-YP_009725295.1	GAA	E	AAA	K
NC_045512.2	6431	A	G	55	6	50	2	1	57	0.0350877	57	0.181818	FALSE	cds-YP_009724389.1	ACC	T	GCC	A
NC_045512.2	6431	A	G	55	6	50	2	1	57	0.0350877	57	0.181818	FALSE	cds-YP_009725295.1	ACC	T	GCC	A
NC_045512.2	6453	A	G	47	9	49	2	0	56	0.04	50	0.176312	FALSE	cds-YP_009724389.1	GAG	E	GGG	G
NC_045512.2	6453	A	G	47	9	49	2	0	56	0.04	50	0.176312	FALSE	cds-YP_009725295.1	GAG	E	GGG	G
NC_045512.2	7381	A	G	670	211	39	43	0	37	0.0602241	714	2.77212e-14	TRUE	cds-YP_009724389.1	GTA	V	GTG	V
NC_045512.2	7381	A	G	670	211	39	43	0	37	0.0602241	714	2.77212e-14	TRUE	cds-YP_009725295.1	GTA	V	GTG	V
NC_045512.2	7383	A	T	665	211	39	45	0	38	0.0632022	712	5.32152e-15	TRUE	cds-YP_009724389.1	CAA	Q	CTA	L
NC_045512.2	7383	A	T	665	211	39	45	0	38	0.0632022	712	5.32152e-15	TRUE	cds-YP_009725295.1	CAA	Q	CTA	L
NC_045512.2	7388	G	A	669	211	39	43	1	38	0.0603086	713	2.04931e-14	TRUE	cds-YP_009724389.1	GCC	A	ACC	T
NC_045512.2	7388	G	A	669	211	39	43	1	38	0.0603086	713	2.04931e-14	TRUE	cds-YP_009725295.1	GCC	A	ACC	T
NC_045512.2	7692	A	T	50	3	38	2	1	38	0.0384615	52	0.247573	FALSE	cds-YP_009724389.1	CAG	Q	CTG	L
NC_045512.2	7692	A	T	50	3	38	2	1	38	0.0384615	52	0.247573	FALSE	cds-YP_009725295.1	CAG	Q	CTG	L
NC_045512.2	7699	A	G	48	4	40	2	0	38	0.04	50	0.2332	FALSE	cds-YP_009724389.1	AAA	K	AAG	K
NC_045512.2	7699	A	G	48	4	40	2	0	38	0.04	50	0.2332	FALSE	cds-YP_009725295.1	AAA	K	AAG	K
NC_045512.2	7900	T	-N	84	40	55	4	0	20	0.032	125	0.0964817	FALSE	NA	NA	NA	NA	NA
NC_045512.2	8331	G	T	28	2	37	1	0	38	0.0344828	29	0.508772	FALSE	cds-YP_009724389.1	GGT	G	GTT	V
NC_045512.2	8331	G	T	28	2	37	1	0	38	0.0344828	29	0.508772	FALSE	cds-YP_009725295.1	GGT	G	GTT	V
NC_045512.2	8332	T	C	28	2	37	1	0	38	0.0344828	29	0.508772	FALSE	cds-YP_009724389.1	GGT	G	GGC	G
NC_045512.2	8332	T	C	28	2	37	1	0	38	0.0344828	29	0.508772	FALSE	cds-YP_009725295.1	GGT	G	GGC	G
NC_045512.2	8335	T	C	28	2	37	1	0	38	0.0344828	29	0.508772	FALSE	cds-YP_009724389.1	GCT	A	GCC	A
NC_045512.2	8335	T	C	28	2	37	1	0	38	0.0344828	29	0.508772	FALSE	cds-YP_009725295.1	GCT	A	GCC	A
NC_045512.2	8339	A	G	28	2	37	1	0	38	0.0344828	29	0.508772	FALSE	cds-YP_009724389.1	ATT	I	GTT	V
NC_045512.2	8339	A	G	28	2	37	1	0	38	0.0344828	29	0.508772	FALSE	cds-YP_009725295.1	ATT	I	GTT	V
NC_045512.2	8347	T	C	27	2	38	1	0	38	0.0357143	28	0.509091	FALSE	cds-YP_009724389.1	TGT	C	TGC	C
NC_045512.2	8347	T	C	27	2	38	1	0	38	0.0357143	28	0.509091	FALSE	cds-YP_009725295.1	TGT	C	TGC	C
NC_045512.2	8356	T	C	26	2	37	2	0	38	0.0714286	28	0.254545	FALSE	cds-YP_009724389.1	CGT	R	CGC	R
NC_045512.2	8356	T	C	26	2	37	2	0	38	0.0714286	28	0.254545	FALSE	cds-YP_009725295.1	CGT	R	CGC	R
NC_045512.2	8376	C	-N	37	11	62	2	0	20	0.0322581	62	0.149697	FALSE	NA	NA	NA	NA	NA
NC_045512.2	8402	T	-N	38	12	62	2	0	20	0.031746	63	0.151427	FALSE	NA	NA	NA	NA	NA
NC_045512.2	8410	T	-N	37	11	62	2	0	20	0.0322581	62	0.149697	FALSE	NA	NA	NA	NA	NA
NC_045512.2	8413	A	G	35	11	62	2	0	75	0.0540541	37	0.140122	FALSE	cds-YP_009724389.1	AAA	K	AAG	K
NC_045512.2	8413	A	G	35	11	62	2	0	75	0.0540541	37	0.140122	FALSE	cds-YP_009725295.1	AAA	K	AAG	K
NC_045512.2	8613	T	+TGC	36	36	37	2	0	20	0.0555556	36	0.267504	FALSE	NA	NA	NA	NA	NA
NC_045512.2	9843	T	A	153	6	38	28	0	38	0.154696	181	1.02379e-09	TRUE	cds-YP_009724389.1	TTG	L	TAG	*
NC_045512.2	9843	T	A	153	6	38	28	0	38	0.154696	181	1.02379e-09	TRUE	cds-YP_009725295.1	TTG	L	TAG	*
NC_045512.2	10666	T	C	78	72	38	3	3	38	0.0365854	82	0.120413	FALSE	cds-YP_009724389.1	GTT	V	GTC	V
NC_045512.2	10666	T	C	78	72	38	3	3	38	0.0365854	82	0.120413	FALSE	cds-YP_009725295.1	GTT	V	GTC	V
NC_045512.2	10679	T	C	70	64	38	13	13	38	0.156627	83	7.3398e-05	TRUE	cds-YP_009724389.1	TAC	Y	CAC	H
NC_045512.2	10679	T	C	70	64	38	13	13	38	0.156627	83	7.3398e-05	TRUE	cds-YP_009725295.1	TAC	Y	CAC	H
NC_045512.2	10930	A	G	96	36	56	4	1	66	0.04	100	0.0235233	FALSE	cds-YP_009724389.1	ACA	T	ACG	T
NC_045512.2	10930	A	G	96	36	56	4	1	66	0.04	100	0.0235233	FALSE	cds-YP_009725295.1	ACA	T	ACG	T
NC_045512.2	11074	C	-N	150	17	38	22	0	20	0.144737	152	5.86387e-06	TRUE	NA	NA	NA	NA	NA
NC_045512.2	11395	A	G	91	7	43	5	1	45	0.0520833	96	0.018842	FALSE	cds-YP_009724389.1	ACA	T	ACG	T
NC_045512.2	11395	A	G	91	7	43	5	1	45	0.0520833	96	0.018842	FALSE	cds-YP_009725295.1	ACA	T	ACG	T
NC_045512.2	11719	G	A	7	4	53	139	44	57	0.952055	146	6.33754e-94	TRUE	cds-YP_009724389.1	CAG	Q	CAA	Q
NC_045512.2	11719	G	A	7	4	53	139	44	57	0.952055	146	6.33754e-94	TRUE	cds-YP_009725295.1	CAG	Q	CAA	Q
NC_045512.2	11863	G	A	137	125	38	7	5	35	0.0486111	144	0.00690444	TRUE	cds-YP_009724389.1	AAG	K	AAA	K
NC_045512.2	11863	G	A	137	125	38	7	5	35	0.0486111	144	0.00690444	TRUE	cds-YP_009725295.1	AAG	K	AAA	K
NC_045512.2	12233	G	-N	722	433	47	149	0	20	0.163916	909	3.7202e-38	TRUE	NA	NA	NA	NA	NA
NC_045512.2	13599	T	C	100	17	58	4	1	37	0.037037	108	0.0206128	FALSE	cds-YP_009724389.1	TGT	C	TGC	C
NC_045512.2	14270	A	+A	860	530	37	29	0	20	0.0332569	872	0.000415351	TRUE	NA	NA	NA	NA	NA
NC_045512.2	14408	C	T	1	0	76	339	20	67	0.997059	340	7.03424e-265	TRUE	cds-YP_009724389.1	CCT	P	CTT	L
NC_045512.2	18595	T	-N	105	75	38	16	0	20	0.146789	109	0.000203876	TRUE	NA	NA	NA	NA	NA
NC_045512.2	19294	T	C	31	8	38	1	0	38	0.03125	32	0.5	FALSE	cds-YP_009724389.1	TTG	L	CTG	L
NC_045512.2	19298	A	G	27	8	37	2	0	56	0.0689655	29	0.229379	FALSE	cds-YP_009724389.1	TAT	Y	TGT	C
NC_045512.2	19301	T	-N	31	9	38	1	0	20	0.03125	32	0.507937	FALSE	NA	NA	NA	NA	NA
NC_045512.2	19307	A	G	31	9	38	1	1	27	0.03125	32	0.5	FALSE	cds-YP_009724389.1	AAA	K	AGA	R
NC_045512.2	19401	T	C	62	43	41	2	1	56	0.03125	64	0.222886	FALSE	cds-YP_009724389.1	TCT	S	TCC	S
NC_045512.2	19445	A	G	60	45	41	2	2	38	0.0322581	62	0.225522	FALSE	cds-YP_009724389.1	AAG	K	AGG	R
NC_045512.2	19503	T	C	61	49	40	2	2	38	0.031746	63	0.22936	FALSE	cds-YP_009724389.1	GCT	A	GCC	A
NC_045512.2	19570	T	+AC	60	56	37	4	0	20	0.0666667	60	0.0699859	FALSE	NA	NA	NA	NA	NA
NC_045512.2	19607	T	C	85	1	43	3	0	38	0.0340909	88	0.10069	FALSE	cds-YP_009724389.1	TTT	F	TCT	S
NC_045512.2	20268	A	G	1	1	72	364	8	38	0.99726	365	1.40594e-217	TRUE	cds-YP_009724389.1	TTA	L	TTG	L
NC_045512.2	21158	T	C	15	6	48	1	0	75	0.0625	16	0.432432	FALSE	cds-YP_009724389.1	GTG	V	GCG	A
NC_045512.2	21163	A	G	15	5	52	1	1	37	0.0625	16	0.432432	FALSE	cds-YP_009724389.1	ATA	I	GTA	V
NC_045512.2	21169	A	-N	16	6	51	1	0	20	0.0454545	22	0.447368	FALSE	NA	NA	NA	NA	NA
NC_045512.2	21177	A	G	14	4	53	1	1	28	0.0666667	15	0.428571	FALSE	cds-YP_009724389.1	GAA	E	GAG	E
NC_045512.2	21200	A	T	13	4	52	1	0	74	0.0714286	14	0.424242	FALSE	cds-YP_009724389.1	TAT	Y	TTT	F
NC_045512.2	21250	A	T	12	3	56	1	0	34	0.0769231	13	0.419355	FALSE	cds-YP_009724389.1	AAT	N	TAT	Y
NC_045512.2	21251	A	G	12	3	53	1	0	76	0.0769231	13	0.419355	FALSE	cds-YP_009724389.1	AAT	N	AGT	S
NC_045512.2	21252	T	C	12	3	53	1	0	76	0.0769231	13	0.419355	FALSE	cds-YP_009724389.1	AAT	N	AAC	N
NC_045512.2	21289	T	A	13	4	58	1	0	76	0.0714286	14	0.4	FALSE	cds-YP_009724389.1	TAT	Y	AAT	N
NC_045512.2	21346	T	C	15	6	53	1	0	75	0.0625	16	0.410256	FALSE	cds-YP_009724389.1	TTT	F	CTT	L
NC_045512.2	21348	T	A	15	5	57	1	1	38	0.0625	16	0.410256	FALSE	cds-YP_009724389.1	TTT	F	TTA	L
NC_045512.2	21360	A	G	16	7	55	1	0	38	0.0588235	17	0.414634	FALSE	cds-YP_009724389.1	ACA	T	ACG	T
NC_045512.2	21486	T	C	35	2	53	2	0	57	0.0540541	37	0.170072	FALSE	cds-YP_009724389.1	AGT	S	AGC	S
NC_045512.2	21607	T	C	50	0	50	2	0	35	0.0384615	52	0.182645	FALSE	cds-YP_009724390.1	TGT	C	TGC	C
NC_045512.2	21625	A	G	51	0	48	2	0	56	0.0377358	53	0.186696	FALSE	cds-YP_009724390.1	AGA	R	AGG	R
NC_045512.2	22357	T	C	32	2	62	1	0	38	0.030303	33	0.37931	FALSE	cds-YP_009724390.1	TAT	Y	TAC	Y
NC_045512.2	22362	T	A	32	2	61	1	0	75	0.030303	33	0.37931	FALSE	cds-YP_009724390.1	GTG	V	GAG	E
NC_045512.2	22368	A	G	32	2	62	1	0	38	0.030303	33	0.37931	FALSE	cds-YP_009724390.1	TAT	Y	TGT	C
NC_045512.2	22374	A	G	32	4	60	1	0	38	0.030303	33	0.375	FALSE	cds-YP_009724390.1	CAA	Q	CGA	R
NC_045512.2	22375	A	G	32	3	60	1	0	60	0.030303	33	0.375	FALSE	cds-YP_009724390.1	CAA	Q	CAG	Q
NC_045512.2	22388	C	T	32	2	63	1	0	75	0.030303	33	0.375	FALSE	cds-YP_009724390.1	CTA	L	TTA	L
NC_045512.2	22516	T	C	32	2	63	3	1	50	0.0857143	35	0.0521182	FALSE	cds-YP_009724390.1	TTT	F	TTC	F
NC_045512.2	22946	A	G	62	9	39	2	0	38	0.03125	64	0.240429	FALSE	cds-YP_009724390.1	AAA	K	GAA	E
NC_045512.2	22966	T	A	63	10	39	2	0	38	0.0307692	65	0.236956	FALSE	cds-YP_009724390.1	ATT	I	ATA	I
NC_045512.2	23101	T	A	29	16	38	1	1	38	0.0333333	30	0.491803	FALSE	cds-YP_009724390.1	CTT	L	CTA	L
NC_045512.2	23110	A	G	29	17	38	1	1	38	0.0333333	30	0.5	FALSE	cds-YP_009724390.1	GAA	E	GAG	E
NC_045512.2	23111	C	T	30	17	38	1	1	38	0.0322581	31	0.5	FALSE	cds-YP_009724390.1	CTT	L	TTT	F
NC_045512.2	23113	T	A	30	17	38	1	1	38	0.0322581	31	0.5	FALSE	cds-YP_009724390.1	CTT	L	CTA	L
NC_045512.2	23118	A	G	30	18	38	1	0	38	0.0322581	31	0.5	FALSE	cds-YP_009724390.1	CAT	H	CGT	R
NC_045512.2	23120	G	A	28	17	38	1	1	38	0.0344828	29	0.483333	FALSE	cds-YP_009724390.1	GCA	A	ACA	T
NC_045512.2	23122	A	T	23	11	38	5	5	37	0.166667	30	0.0214486	FALSE	cds-YP_009724390.1	GCA	A	GCT	A
NC_045512.2	23122	A	G	23	11	38	2	2	38	0.0666667	30	0.20202	FALSE	cds-YP_009724390.1	GCA	A	GCG	A
NC_045512.2	23403	A	G	4	0	56	638	109	51	0.993769	642	0	TRUE	cds-YP_009724390.1	GAT	D	GGT	G
NC_045512.2	23523	A	G	86	36	38	13	3	37	0.12381	105	4.71304e-05	TRUE	cds-YP_009724390.1	GAA	E	GGA	G
NC_045512.2	23523	A	C	86	36	38	4	2	37	0.0380952	105	0.0419832	FALSE	cds-YP_009724390.1	GAA	E	GCA	A
NC_045512.2	23788	T	C	365	361	37	16	16	37	0.0419948	381	1.16897e-05	TRUE	cds-YP_009724390.1	ATT	I	ATC	I
NC_045512.2	23789	T	C	347	342	38	23	23	37	0.0602094	382	5.40906e-08	TRUE	cds-YP_009724390.1	TGT	C	CGT	R
NC_045512.2	23796	A	+T	371	366	38	102	0	20	0.272	375	1.66581e-24	TRUE	NA	NA	NA	NA	NA
NC_045512.2	23823	T	C	28	5	37	1	0	38	0.0344828	29	0.508772	FALSE	cds-YP_009724390.1	TTG	L	TCG	S
NC_045512.2	23826	A	G	28	5	38	1	0	38	0.0344828	29	0.5	FALSE	cds-YP_009724390.1	CAA	Q	CGA	R
NC_045512.2	23830	T	A	28	5	39	1	0	38	0.0344828	29	0.5	FALSE	cds-YP_009724390.1	TAT	Y	TAA	*
NC_045512.2	23830	T	-N	28	5	39	1	0	20	0.0333333	30	0.5	FALSE	NA	NA	NA	NA	NA
NC_045512.2	23837	T	C	29	5	38	1	0	38	0.0333333	30	0.5	FALSE	cds-YP_009724390.1	TTT	F	CTT	L
NC_045512.2	23865	C	-N	28	5	40	1	0	20	0.0333333	30	0.5	FALSE	NA	NA	NA	NA	NA
NC_045512.2	23887	C	+A	47	24	47	2	0	20	0.0333333	60	0.203531	FALSE	NA	NA	NA	NA	NA
NC_045512.2	24016	T	C	50	29	45	2	1	57	0.0384615	52	0.205869	FALSE	cds-YP_009724390.1	ATT	I	ATC	I
NC_045512.2	24170	A	G	122	5	48	12	0	38	0.0888889	135	3.72534e-05	TRUE	cds-YP_009724390.1	ATT	I	GTT	V
NC_045512.2	24391	T	C	121	52	40	7	0	47	0.0546875	128	0.00505703	TRUE	cds-YP_009724390.1	AGT	S	AGC	S
NC_045512.2	25661	T	C	19	3	40	1	0	38	0.05	20	0.487805	FALSE	cds-YP_009724391.1	GTT	V	GCT	A
NC_045512.2	25676	T	A	15	3	42	1	0	34	0.0625	16	0.470588	FALSE	cds-YP_009724391.1	TTG	L	TAG	*
NC_045512.2	25814	A	G	43	37	41	2	1	37	0.0444444	45	0.226493	FALSE	cds-YP_009724391.1	TAT	Y	TGT	C
NC_045512.2	27509	C	+AT	956	920	38	36	0	20	0.037422	962	4.23857e-05	TRUE	NA	NA	NA	NA	NA
NC_045512.2	27567	C	-N	34	2	56	2	0	20	0.0392157	51	0.172367	FALSE	NA	NA	NA	NA	NA
NC_045512.2	27719	T	-NN	36	10	54	2	0	20	0.0384615	52	0.17952	FALSE	NA	NA	NA	NA	NA
NC_045512.2	27748	A	G	31	19	44	2	2	38	0.0606061	33	0.212475	FALSE	cds-YP_009724395.1	AAG	K	GAG	E
NC_045512.2	27778	A	T	32	24	39	1	1	38	0.030303	33	0.485294	FALSE	cds-YP_009725318.1	GAC	D	GTC	V
NC_045512.2	28465	T	A	144	14	38	10	0	45	0.0645161	155	0.000668621	TRUE	cds-YP_009724397.2	CTT	L	CTA	L
