sample	library	category	n_observations	n_molecules
sample1	libA	pairs	1	27306
sample1	libA	pairs	2	8269
sample1	libA	pairs	3	2522
sample1	libA	pairs	4	760
sample1	libA	pairs	5	209
sample1	libA	pairs	6	82
sample1	libA	pairs	7	26
sample1	libA	pairs	8	1
sample1	libA	pairs	9	1
sample1	libA	pairs	167	1
sample1	libA	pairs	431	1
sample1	libA	pairs	951	1
sample1	libB	pairs	1	16971
sample1	libB	pairs	2	5291
sample1	libB	pairs	3	1543
sample1	libB	pairs	4	470
sample1	libB	pairs	5	136
sample1	libB	pairs	6	44
sample1	libB	pairs	7	15
sample1	libB	pairs	8	2
sample1	libB	pairs	158	1
sample1	libB	pairs	160	1
sample1	libB	pairs	955	1
