#sample_a	sample_b	relatedness	ibs0	ibs2	hom_concordance	hets_a	hets_b	shared_hets	hom_alts_a	hom_alts_b	shared_hom_alts	n	x_ibs0	x_ibs2	expected_relatedness
sample_1004	sample_1005	0.479	1	9801	0.684	6563	6516	3122	5575	5635	3813	16027	119	195	0.5
sample_1004	sample_1006	0.040	1243	7529	0.053	6563	6659	2748	5575	5532	2781	15919	63	145	-1.0
sample_1004	sample_1007	0.046	1201	7466	0.059	6563	6752	2703	5575	5503	2726	16013	132	196	-1.0
sample_1004	sample_1008	0.013	1250	7372	0.053	6563	6433	2584	5575	5620	2797	15831	111	187	-1.0
sample_1004	sample_1009	0.045	1212	7362	0.051	6563	6847	2719	5575	5484	2705	16003	70	146	-1.0
sample_1004	sample_1010	0.037	1221	7400	0.048	6563	6725	2685	5575	5463	2703	15983	74	139	-1.0
sample_1004	sample_1011	0.012	1255	7302	0.039	6563	6547	2590	5575	5581	2727	15911	128	190	-1.0
sample_1004	sample_1012	0.028	1249	7440	0.049	6563	6629	2684	5575	5591	2773	15951	66	131	-1.0
sample_1004	sample_1013	0.037	1196	7482	0.076	6563	6564	2632	5575	5636	2813	15968	58	143	-1.0
sample_1004	sample_1014	0.032	1205	7291	0.055	6563	6443	2616	5575	5502	2715	15551	123	176	-1.0
sample_1004	sample_1015	0.012	1304	7359	0.024	6563	6758	2687	5575	5591	2743	16038	118	200	-1.0
sample_1004	sample_1016	0.002	1300	7318	0.025	6563	6621	2615	5575	5654	2739	16022	100	220	-1.0
sample_1004	sample_1017	0.013	1307	7326	0.013	6563	6634	2697	5575	5499	2683	15811	41	167	-1.0
sample_1004	sample_1018	0.029	1219	7400	0.061	6563	6594	2627	5575	5674	2778	15930	130	194	-1.0
sample_1004	sample_1019	0.042	1200	7473	0.058	6563	6622	2678	5575	5461	2715	15926	68	152	-1.0
sample_1004	sample_1020	0.030	1231	7512	0.057	6563	6542	2658	5575	5591	2778	15949	98	212	-1.0
sample_1004	sample_1021	0.012	1284	7408	0.028	6563	6517	2644	5575	5549	2721	15932	70	147	-1.0
sample_1004	sample_1022	0.030	1256	7459	0.041	6563	6657	2711	5575	5497	2740	15900	108	199	-1.0
sample_1004	sample_1023	0.012	1271	7366	0.040	6563	6545	2621	5575	5626	2764	15912	75	133	-1.0
sample_1004	sample_1024	0.032	1262	7487	0.041	6563	6774	2732	5575	5594	2755	16086	137	189	-1.0
sample_1004	sample_1028	0.016	1326	7412	0.009	6563	6795	2759	5575	5519	2701	16046	134	187	-1.0
sample_1004	sample_1029	0.015	1320	7467	0.015	6563	6720	2738	5575	5607	2726	16094	111	213	-1.0
sample_1004	sample_1030	0.015	1316	7381	0.010	6563	6816	2733	5575	5582	2690	16063	64	151	-1.0
sample_1004	sample_1031	0.022	1264	7397	0.033	6563	6703	2673	5575	5549	2711	16005	74	157	-1.0
sample_1004	sample_1032	0.007	1305	7461	0.022	6563	6554	2657	5575	5665	2732	16040	124	195	-1.0
sample_1004	sample_1033	0.012	1305	7333	0.008	6563	6794	2692	5575	5502	2655	16094	60	167	-1.0
sample_1004	sample_1045	0.055	1115	7156	0.077	6563	6634	2591	5575	5415	2647	15482	55	153	-1.0
sample_1004	sample_1046-duplicate	0.012	1293	7311	0.017	6563	6722	2663	5575	5575	2678	15959	56	130	-1.0
sample_1004	sample_1046	-0.033	1382	7267	-0.011	6563	6442	2551	5575	5682	2701	15982	59	133	-1.0
sample_1004	sample_1047	0.007	1282	7340	0.037	6563	6516	2611	5575	5604	2770	15802	117	181	-1.0
sample_1004	sample_11	-0.260	1892	6864	-0.199	6563	5764	2284	5575	6066	2675	16023	80	130	-1.0
sample_1004	sample_12	-0.250	1837	6758	-0.179	6563	5771	2230	5575	6093	2675	15963	129	192	-1.0
sample_1004	sample_13	-0.276	1817	6668	-0.169	6563	5529	2110	5575	6095	2691	15787	79	127	-1.0
sample_1005	sample_1006	0.475	4	9693	0.678	6516	6659	3102	5635	5532	3760	16052	0	217	0.5
sample_1005	sample_1007	0.005	1325	7401	0.014	6516	6752	2681	5635	5503	2729	16115	118	212	-1.0
sample_1005	sample_1008	-0.027	1359	7306	0.008	6516	6433	2545	5635	5620	2762	15939	105	197	-1.0
sample_1005	sample_1009	0.000	1334	7293	0.004	6516	6847	2670	5635	5484	2689	16116	61	158	-1.0
sample_1005	sample_1010	-0.006	1327	7251	0.000	6516	6725	2612	5635	5463	2656	16088	67	144	-1.0
sample_1005	sample_1011	-0.029	1389	7278	-0.013	6516	6547	2588	5635	5581	2707	16031	116	207	-1.0
sample_1005	sample_1012	-0.004	1360	7473	0.014	6516	6629	2692	5635	5591	2798	16074	58	139	-1.0
sample_1005	sample_1013	-0.000	1278	7355	0.044	6516	6564	2554	5635	5636	2803	16078	60	141	-1.0
sample_1005	sample_1014	0.007	1268	7297	0.037	6516	6443	2582	5635	5502	2741	15661	129	171	-1.0
sample_1005	sample_1015	0.002	1347	7451	0.013	6516	6758	2708	5635	5591	2767	16154	132	190	-1.0
sample_1005	sample_1016	-0.019	1384	7391	-0.001	6516	6621	2647	5635	5654	2761	16143	112	210	-1.0
sample_1005	sample_1017	-0.003	1356	7378	0.005	6516	6634	2690	5635	5499	2738	15916	69	142	-1.0
sample_1005	sample_1018	0.002	1310	7442	0.035	6516	6594	2636	5635	5674	2815	16036	125	201	-1.0
sample_1005	sample_1019	0.024	1256	7534	0.046	6516	6622	2670	5635	5461	2765	16049	63	157	-1.0
sample_1005	sample_1020	-0.007	1344	7442	0.013	6516	6542	2640	5635	5591	2761	16063	109	203	-1.0
sample_1005	sample_1021	-0.015	1321	7332	0.019	6516	6517	2544	5635	5549	2749	16047	59	157	-1.0
sample_1005	sample_1022	-0.006	1368	7400	-0.004	6516	6657	2699	5635	5497	2715	16021	112	199	-1.0
sample_1005	sample_1023	-0.020	1357	7308	0.009	6516	6545	2584	5635	5626	2762	16022	58	153	-1.0
sample_1005	sample_1024	0.000	1339	7379	0.007	6516	6774	2678	5635	5594	2719	16199	114	215	-1.0
sample_1005	sample_1028	-0.018	1416	7394	-0.022	6516	6795	2715	5635	5519	2711	16154	114	210	-1.0
sample_1005	sample_1029	-0.019	1420	7420	-0.022	6516	6720	2715	5635	5607	2714	16209	115	210	-1.0
sample_1005	sample_1030	0.002	1377	7461	-0.003	6516	6816	2769	5635	5582	2736	16166	59	161	-1.0
sample_1005	sample_1031	0.001	1320	7412	0.019	6516	6703	2649	5635	5549	2748	16125	73	163	-1.0
sample_1005	sample_1032	-0.023	1370	7361	0.002	6516	6554	2589	5635	5665	2750	16155	114	210	-1.0
sample_1005	sample_1033	-0.014	1412	7434	-0.024	6516	6794	2735	5635	5502	2694	16205	58	172	-1.0
sample_1005	sample_1045	0.047	1167	7313	0.076	6516	6634	2638	5635	5415	2744	15602	51	156	-1.0
sample_1005	sample_1046-duplicate	0.005	1332	7419	0.015	6516	6722	2695	5635	5575	2749	16073	47	139	-1.0
sample_1005	sample_1046	-0.045	1430	7383	-0.015	6516	6442	2572	5635	5682	2777	16098	48	144	-1.0
sample_1005	sample_1047	-0.022	1360	7277	0.011	6516	6516	2574	5635	5604	2781	15917	102	196	-1.0
sample_1005	sample_11	-0.298	1959	6741	-0.225	6516	5764	2198	5635	6066	2651	16144	82	130	-1.0
sample_1005	sample_12	-0.258	1863	6864	-0.177	6516	5771	2237	5635	6093	2727	16073	128	196	-1.0
sample_1005	sample_13	-0.296	1871	6723	-0.180	6516	5529	2107	5635	6095	2728	15899	78	130	-1.0
sample_1006	sample_1007	0.007	1359	7361	-0.005	6659	6752	2764	5532	5503	2691	16018	61	157	-1.0
sample_1006	sample_1008	0.003	1298	7295	0.027	6659	6433	2618	5532	5620	2748	15843	55	151	-1.0
sample_1006	sample_1009	0.025	1257	7200	0.025	6659	6847	2683	5532	5484	2652	16015	22	168	-1.0
sample_1006	sample_1010	0.041	1233	7436	0.042	6659	6725	2740	5532	5463	2697	15996	27	164	-1.0
sample_1006	sample_1011	0.013	1263	7258	0.027	6659	6547	2609	5532	5581	2677	15929	51	161	-1.0
sample_1006	sample_1012	0.018	1299	7381	0.022	6659	6629	2718	5532	5591	2718	15960	23	157	-1.0
sample_1006	sample_1013	0.018	1274	7404	0.036	6659	6564	2664	5532	5636	2747	15981	30	162	-1.0
sample_1006	sample_1014	0.026	1223	7235	0.044	6659	6443	2612	5532	5502	2689	15556	75	130	-1.0
sample_1006	sample_1015	0.040	1274	7544	0.039	6659	6758	2812	5532	5591	2762	16052	76	142	-1.0
sample_1006	sample_1016	0.019	1236	7261	0.046	6659	6621	2600	5532	5654	2725	16036	51	164	-1.0
sample_1006	sample_1017	0.039	1226	7344	0.046	6659	6634	2713	5532	5499	2704	15816	25	164	-1.0
sample_1006	sample_1018	0.036	1204	7369	0.063	6659	6594	2648	5532	5674	2755	15933	68	150	-1.0
sample_1006	sample_1019	0.031	1259	7461	0.033	6659	6622	2725	5532	5461	2700	15946	24	166	-1.0
sample_1006	sample_1020	0.017	1278	7390	0.033	6659	6542	2665	5532	5591	2736	15972	52	155	-1.0
sample_1006	sample_1021	0.001	1343	7396	0.001	6659	6517	2691	5532	5549	2692	15954	25	165	-1.0
sample_1006	sample_1022	0.025	1276	7385	0.027	6659	6657	2719	5532	5497	2698	15922	55	149	-1.0
sample_1006	sample_1023	-0.023	1418	7260	-0.023	6659	6545	2687	5532	5626	2708	15923	27	180	-1.0
sample_1006	sample_1024	0.005	1366	7339	-0.012	6659	6774	2768	5532	5594	2667	16096	62	157	-1.0
sample_1006	sample_1028	0.024	1319	7438	0.011	6659	6795	2799	5532	5519	2696	16050	59	160	-1.0
sample_1006	sample_1029	0.008	1333	7344	0.004	6659	6720	2722	5532	5607	2688	16104	58	159	-1.0
sample_1006	sample_1030	0.016	1333	7349	0.001	6659	6816	2773	5532	5582	2670	16072	27	169	-1.0
sample_1006	sample_1031	0.041	1258	7503	0.036	6659	6703	2792	5532	5549	2715	16020	27	181	-1.0
sample_1006	sample_1032	0.016	1273	7417	0.038	6659	6554	2650	5532	5665	2754	16057	52	164	-1.0
sample_1006	sample_1033	0.013	1358	7417	-0.013	6659	6794	2800	5532	5502	2647	16113	13	171	-1.0
sample_1006	sample_1045	0.068	1124	7297	0.082	6659	6634	2702	5532	5415	2692	15505	17	174	-1.0
sample_1006	sample_1046-duplicate	0.034	1262	7409	0.033	6659	6722	2753	5532	5575	2709	15983	19	156	-1.0
sample_1006	sample_1046	-0.009	1348	7368	0.006	6659	6442	2635	5532	5682	2727	16002	20	159	-1.0
sample_1006	sample_1047	0.004	1309	7261	0.013	6659	6516	2644	5532	5604	2690	15823	55	142	-1.0
sample_1006	sample_11	-0.269	1917	6748	-0.221	6659	5764	2284	5532	6066	2613	16042	49	134	-1.0
sample_1006	sample_12	-0.235	1803	6786	-0.165	6659	5771	2248	5532	6093	2694	15973	76	139	-1.0
sample_1006	sample_13	-0.264	1847	6812	-0.178	6659	5529	2234	5532	6095	2708	15802	47	126	-1.0
sample_1007	sample_1008	0.484	8	9694	0.685	6752	6433	3132	5503	5620	3783	15944	109	207	0.5
sample_1007	sample_1009	0.481	3	9623	0.665	6752	6847	3253	5503	5484	3652	16099	0	226	0.5
sample_1007	sample_1010	0.055	1210	7516	0.058	6752	6725	2787	5503	5463	2738	16074	47	175	-1.0
sample_1007	sample_1011	0.020	1307	7421	0.018	6752	6547	2742	5503	5581	2714	16026	98	237	-1.0
sample_1007	sample_1012	0.033	1255	7409	0.041	6752	6629	2731	5503	5591	2733	16044	52	153	-1.0
sample_1007	sample_1013	0.018	1299	7422	0.028	6752	6564	2717	5503	5636	2751	16070	47	161	-1.0
sample_1007	sample_1014	0.050	1168	7337	0.072	6752	6443	2661	5503	5502	2733	15638	98	215	-1.0
sample_1007	sample_1015	0.059	1215	7587	0.064	6752	6758	2829	5503	5591	2780	16131	94	242	-1.0
sample_1007	sample_1016	0.017	1287	7351	0.025	6752	6621	2687	5503	5654	2710	16117	97	240	-1.0
sample_1007	sample_1017	0.018	1307	7308	0.008	6752	6634	2731	5503	5499	2660	15904	52	164	-1.0
sample_1007	sample_1018	0.032	1231	7372	0.053	6752	6594	2676	5503	5674	2756	16017	118	222	-1.0
sample_1007	sample_1019	0.046	1197	7418	0.055	6752	6622	2699	5503	5461	2696	16029	55	176	-1.0
sample_1007	sample_1020	0.035	1226	7413	0.052	6752	6542	2683	5503	5591	2739	16054	97	231	-1.0
sample_1007	sample_1021	0.019	1270	7373	0.029	6752	6517	2666	5503	5549	2697	16032	59	168	-1.0
sample_1007	sample_1022	0.032	1242	7302	0.035	6752	6657	2697	5503	5497	2674	16007	119	203	-1.0
sample_1007	sample_1023	0.015	1315	7402	0.021	6752	6545	2730	5503	5626	2744	16007	49	171	-1.0
sample_1007	sample_1024	0.033	1278	7436	0.028	6752	6774	2776	5503	5594	2708	16183	103	240	-1.0
sample_1007	sample_1028	0.018	1320	7294	-0.003	6752	6795	2764	5503	5519	2623	16135	112	225	-1.0
sample_1007	sample_1029	0.008	1355	7384	-0.003	6752	6720	2765	5503	5607	2691	16192	111	228	-1.0
sample_1007	sample_1030	0.033	1280	7404	0.027	6752	6816	2781	5503	5582	2711	16154	61	164	-1.0
sample_1007	sample_1031	0.041	1229	7407	0.042	6752	6703	2730	5503	5549	2688	16113	69	175	-1.0
sample_1007	sample_1032	0.013	1304	7430	0.017	6752	6554	2693	5503	5665	2700	16142	105	231	-1.0
sample_1007	sample_1033	0.017	1334	7386	-0.004	6752	6794	2784	5503	5502	2648	16197	60	178	-1.0
sample_1007	sample_1045	0.092	1080	7425	0.101	6752	6634	2771	5503	5415	2708	15582	51	163	-1.0
sample_1007	sample_1046-duplicate	0.031	1298	7456	0.024	6752	6722	2804	5503	5575	2729	16066	59	134	-1.0
sample_1007	sample_1046	-0.014	1386	7406	-0.005	6752	6442	2685	5503	5682	2745	16084	60	140	-1.0
sample_1007	sample_1047	0.008	1331	7342	0.012	6752	6516	2716	5503	5604	2729	15900	119	193	-1.0
sample_1007	sample_11	-0.245	1888	6892	-0.215	6752	5764	2364	5503	6066	2595	16136	87	134	-1.0
sample_1007	sample_12	-0.230	1830	6881	-0.180	6752	5771	2333	5503	6093	2672	16064	133	203	-1.0
sample_1007	sample_13	-0.255	1851	6876	-0.188	6752	5529	2290	5503	6095	2667	15888	79	138	-1.0
sample_1008	sample_1009	0.010	1306	7302	0.015	6433	6847	2676	5620	5484	2697	15923	47	158	-1.0
sample_1008	sample_1010	0.022	1237	7318	0.050	6433	6725	2618	5620	5463	2745	15889	53	149	-1.0
sample_1008	sample_1011	-0.016	1335	7290	0.016	6433	6547	2567	5620	5581	2760	15842	98	211	-1.0
sample_1008	sample_1012	0.017	1232	7307	0.057	6433	6629	2571	5620	5591	2783	15871	47	141	-1.0
sample_1008	sample_1013	0.003	1264	7312	0.049	6433	6564	2548	5620	5636	2803	15895	47	147	-1.0
sample_1008	sample_1014	0.021	1194	7237	0.068	6433	6443	2522	5620	5502	2764	15467	90	195	-1.0
sample_1008	sample_1015	0.027	1245	7402	0.052	6433	6758	2661	5620	5591	2778	15953	105	203	-1.0
sample_1008	sample_1016	-0.015	1370	7365	0.002	6433	6621	2646	5620	5654	2752	15946	84	227	-1.0
sample_1008	sample_1017	-0.001	1305	7256	0.020	6433	6634	2601	5620	5499	2720	15734	45	153	-1.0
sample_1008	sample_1018	-0.009	1321	7291	0.023	6433	6594	2582	5620	5674	2772	15843	105	208	-1.0
sample_1008	sample_1019	0.029	1201	7381	0.060	6433	6622	2586	5620	5461	2731	15865	47	166	-1.0
sample_1008	sample_1020	0.012	1237	7403	0.058	6433	6542	2553	5620	5591	2801	15875	86	213	-1.0
sample_1008	sample_1021	-0.012	1290	7206	0.025	6433	6517	2503	5620	5549	2720	15861	60	151	-1.0
sample_1008	sample_1022	0.016	1266	7348	0.042	6433	6657	2637	5620	5497	2765	15829	106	192	-1.0
sample_1008	sample_1023	-0.008	1316	7298	0.023	6433	6545	2580	5620	5626	2762	15827	53	155	-1.0
sample_1008	sample_1024	0.025	1242	7414	0.055	6433	6774	2647	5620	5594	2794	15996	102	215	-1.0
sample_1008	sample_1028	0.019	1265	7347	0.037	6433	6795	2651	5620	5519	2736	15965	99	212	-1.0
sample_1008	sample_1029	-0.010	1337	7270	0.013	6433	6720	2610	5620	5607	2749	16017	81	230	-1.0
sample_1008	sample_1030	0.003	1323	7302	0.018	6433	6816	2666	5620	5582	2747	15979	42	167	-1.0
sample_1008	sample_1031	0.024	1238	7384	0.050	6433	6703	2633	5620	5549	2752	15940	56	166	-1.0
sample_1008	sample_1032	-0.005	1332	7443	0.023	6433	6554	2632	5620	5665	2794	15974	97	213	-1.0
sample_1008	sample_1033	-0.005	1335	7310	0.002	6433	6794	2637	5620	5502	2682	16029	57	170	-1.0
sample_1008	sample_1045	0.065	1078	7247	0.110	6433	6634	2573	5620	5415	2751	15408	47	148	-1.0
sample_1008	sample_1046-duplicate	0.019	1233	7287	0.056	6433	6722	2589	5620	5575	2778	15888	48	132	-1.0
sample_1008	sample_1046	-0.027	1327	7244	0.025	6433	6442	2479	5620	5682	2797	15907	51	136	-1.0
sample_1008	sample_1047	0.002	1276	7271	0.041	6433	6516	2568	5620	5604	2783	15727	110	176	-1.0
sample_1008	sample_11	-0.279	1879	6704	-0.201	6433	5764	2150	5620	6066	2631	15951	70	130	-1.0
sample_1008	sample_12	-0.254	1849	6823	-0.175	6433	5771	2231	5620	6093	2717	15879	125	183	-1.0
sample_1008	sample_13	-0.272	1833	6828	-0.165	6433	5529	2160	5620	6095	2737	15712	77	123	-1.0
sample_1009	sample_1010	0.055	1210	7452	0.050	6847	6725	2791	5484	5463	2692	16068	18	188	-1.0
sample_1009	sample_1011	0.042	1259	7488	0.036	6847	6547	2793	5484	5581	2716	16008	46	173	-1.0
sample_1009	sample_1012	0.044	1262	7464	0.031	6847	6629	2818	5484	5591	2695	16040	25	187	-1.0
sample_1009	sample_1013	0.032	1236	7278	0.041	6847	6564	2679	5484	5636	2696	16055	27	182	-1.0
sample_1009	sample_1014	0.059	1133	7189	0.069	6847	6443	2645	5484	5502	2647	15625	55	146	-1.0
sample_1009	sample_1015	0.073	1148	7473	0.083	6847	6758	2788	5484	5591	2753	16126	58	166	-1.0
sample_1009	sample_1016	0.029	1302	7469	0.020	6847	6621	2794	5484	5654	2716	16112	42	181	-1.0
sample_1009	sample_1017	0.044	1227	7299	0.030	6847	6634	2748	5484	5499	2620	15884	18	178	-1.0
sample_1009	sample_1018	0.047	1200	7351	0.060	6847	6594	2713	5484	5674	2728	16018	63	162	-1.0
sample_1009	sample_1019	0.048	1213	7387	0.041	6847	6622	2745	5484	5461	2649	16032	23	185	-1.0
sample_1009	sample_1020	0.039	1238	7422	0.044	6847	6542	2731	5484	5591	2717	16035	48	168	-1.0
sample_1009	sample_1021	0.023	1302	7421	0.012	6847	6517	2754	5484	5549	2668	16020	21	175	-1.0
sample_1009	sample_1022	0.042	1256	7419	0.024	6847	6657	2794	5484	5497	2642	15987	63	147	-1.0
sample_1009	sample_1023	0.022	1280	7321	0.030	6847	6545	2702	5484	5626	2722	15996	16	186	-1.0
sample_1009	sample_1024	0.038	1280	7420	0.019	6847	6774	2818	5484	5594	2662	16177	53	171	-1.0
sample_1009	sample_1028	0.008	1375	7249	-0.030	6847	6795	2803	5484	5519	2588	16131	48	170	-1.0
sample_1009	sample_1029	0.019	1308	7301	0.010	6847	6720	2744	5484	5607	2672	16182	48	170	-1.0
sample_1009	sample_1030	0.050	1220	7371	0.046	6847	6816	2780	5484	5582	2691	16152	24	174	-1.0
sample_1009	sample_1031	0.041	1224	7288	0.031	6847	6703	2725	5484	5549	2619	16102	28	183	-1.0
sample_1009	sample_1032	0.026	1285	7431	0.021	6847	6554	2741	5484	5665	2684	16130	48	170	-1.0
sample_1009	sample_1033	0.021	1332	7355	-0.014	6847	6794	2808	5484	5502	2589	16196	18	176	-1.0
sample_1009	sample_1045	0.091	1067	7264	0.095	6847	6634	2741	5484	5415	2646	15589	20	175	-1.0
sample_1009	sample_1046-duplicate	0.042	1258	7350	0.021	6847	6722	2799	5484	5575	2631	16053	33	151	-1.0
sample_1009	sample_1046	-0.006	1353	7283	-0.009	6847	6442	2666	5484	5682	2654	16073	34	152	-1.0
sample_1009	sample_1047	0.033	1236	7257	0.039	6847	6516	2685	5484	5604	2685	15889	75	130	-1.0
sample_1009	sample_11	-0.226	1842	6885	-0.201	6847	5764	2379	5484	6066	2584	16110	46	142	-1.0
sample_1009	sample_12	-0.212	1809	6889	-0.179	6847	5771	2396	5484	6093	2634	16050	78	142	-1.0
sample_1009	sample_13	-0.237	1771	6705	-0.168	6847	5529	2234	5484	6095	2620	15875	36	125	-1.0
sample_1010	sample_1011	0.478	0	9636	0.677	6725	6547	3131	5463	5581	3700	15990	0	217	0.5
sample_1010	sample_1012	0.501	0	9966	0.694	6725	6629	3324	5463	5591	3790	16035	0	212	0.5
sample_1010	sample_1013	0.043	1240	7580	0.049	6725	6564	2761	5463	5636	2749	16040	21	175	-1.0
sample_1010	sample_1014	0.052	1151	7335	0.076	6725	6443	2639	5463	5502	2718	15620	54	145	-1.0
sample_1010	sample_1015	0.051	1214	7473	0.052	6725	6758	2774	5463	5591	2712	16107	65	155	-1.0
sample_1010	sample_1016	0.047	1213	7539	0.057	6725	6621	2739	5463	5654	2737	16097	51	170	-1.0
sample_1010	sample_1017	0.059	1164	7441	0.069	6725	6634	2717	5463	5499	2704	15870	17	150	-1.0
sample_1010	sample_1018	0.065	1163	7633	0.085	6725	6594	2756	5463	5674	2792	15996	58	162	-1.0
sample_1010	sample_1019	0.049	1229	7550	0.044	6725	6622	2781	5463	5461	2696	15999	26	172	-1.0
sample_1010	sample_1020	0.036	1239	7493	0.046	6725	6542	2713	5463	5591	2730	16023	50	164	-1.0
sample_1010	sample_1021	0.027	1262	7468	0.035	6725	6517	2700	5463	5549	2713	16000	26	165	-1.0
sample_1010	sample_1022	0.047	1228	7475	0.042	6725	6657	2768	5463	5497	2685	15972	60	148	-1.0
sample_1010	sample_1023	0.014	1272	7292	0.029	6725	6545	2638	5463	5626	2701	15975	12	191	-1.0
sample_1010	sample_1024	0.034	1263	7438	0.033	6725	6774	2758	5463	5594	2707	16141	41	180	-1.0
sample_1010	sample_1028	0.029	1279	7366	0.019	6725	6795	2755	5463	5519	2662	16113	53	166	-1.0
sample_1010	sample_1029	0.033	1264	7451	0.034	6725	6720	2750	5463	5607	2716	16159	53	167	-1.0
sample_1010	sample_1030	0.040	1238	7366	0.038	6725	6816	2743	5463	5582	2685	16128	28	180	-1.0
sample_1010	sample_1031	0.041	1226	7407	0.040	6725	6703	2728	5463	5549	2673	16074	23	174	-1.0
sample_1010	sample_1032	0.027	1274	7559	0.037	6725	6554	2725	5463	5665	2750	16110	53	165	-1.0
sample_1010	sample_1033	0.028	1297	7406	0.007	6725	6794	2784	5463	5502	2630	16161	20	183	-1.0
sample_1010	sample_1045	0.078	1116	7368	0.085	6725	6634	2748	5463	5415	2690	15561	17	188	-1.0
sample_1010	sample_1046-duplicate	0.018	1311	7319	-0.001	6725	6722	2744	5463	5575	2617	16032	21	164	-1.0
sample_1010	sample_1046	-0.025	1391	7281	-0.025	6725	6442	2621	5463	5682	2646	16060	23	166	-1.0
sample_1010	sample_1047	0.005	1300	7229	0.006	6725	6516	2635	5463	5604	2634	15876	63	143	-1.0
sample_1010	sample_11	-0.254	1875	6777	-0.211	6725	5764	2287	5463	6066	2596	16099	50	146	-1.0
sample_1010	sample_12	-0.224	1782	6804	-0.167	6725	5771	2269	5463	6093	2651	16026	84	134	-1.0
sample_1010	sample_13	-0.266	1817	6664	-0.185	6725	5529	2165	5463	6095	2625	15867	49	139	-1.0
sample_1011	sample_1012	0.020	1269	7429	0.041	6547	6629	2669	5581	5591	2767	15968	54	149	-1.0
sample_1011	sample_1013	0.027	1214	7410	0.065	6547	6564	2605	5581	5636	2788	15973	62	143	-1.0
sample_1011	sample_1014	0.041	1156	7340	0.084	6547	6443	2577	5581	5502	2774	15563	113	193	-1.0
sample_1011	sample_1015	0.046	1241	7568	0.052	6547	6758	2780	5581	5591	2772	16045	107	219	-1.0
sample_1011	sample_1016	0.002	1328	7434	0.018	6547	6621	2669	5581	5654	2756	16044	98	230	-1.0
sample_1011	sample_1017	0.026	1224	7280	0.045	6547	6634	2617	5581	5499	2697	15816	54	166	-1.0
sample_1011	sample_1018	0.012	1275	7398	0.040	6547	6594	2631	5581	5674	2775	15937	106	227	-1.0
sample_1011	sample_1019	0.031	1251	7491	0.040	6547	6622	2705	5581	5461	2719	15935	61	164	-1.0
sample_1011	sample_1020	0.015	1262	7395	0.047	6547	6542	2622	5581	5591	2784	15947	99	221	-1.0
sample_1011	sample_1021	-0.006	1297	7271	0.021	6547	6517	2557	5581	5549	2712	15948	63	161	-1.0
sample_1011	sample_1022	0.009	1292	7321	0.018	6547	6657	2642	5581	5497	2684	15918	109	207	-1.0
sample_1011	sample_1023	0.018	1235	7342	0.055	6547	6545	2588	5581	5626	2776	15911	46	169	-1.0
sample_1011	sample_1024	0.022	1299	7467	0.021	6547	6774	2742	5581	5594	2717	16090	103	233	-1.0
sample_1011	sample_1028	0.022	1302	7432	0.021	6547	6795	2745	5581	5519	2722	16045	113	216	-1.0
sample_1011	sample_1029	0.013	1316	7462	0.026	6547	6720	2716	5581	5607	2778	16099	115	216	-1.0
sample_1011	sample_1030	0.036	1245	7441	0.052	6547	6816	2728	5581	5582	2782	16061	62	158	-1.0
sample_1011	sample_1031	0.030	1220	7345	0.047	6547	6703	2639	5581	5549	2703	16013	59	179	-1.0
sample_1011	sample_1032	-0.002	1300	7363	0.026	6547	6554	2586	5581	5665	2745	16042	105	223	-1.0
sample_1011	sample_1033	0.013	1321	7400	0.009	6547	6794	2726	5581	5502	2692	16123	50	187	-1.0
sample_1011	sample_1045	0.059	1135	7237	0.076	6547	6634	2654	5581	5415	2683	15492	43	168	-1.0
sample_1011	sample_1046-duplicate	0.006	1272	7175	0.022	6547	6722	2581	5581	5575	2664	15979	43	147	-1.0
sample_1011	sample_1046	-0.037	1362	7152	-0.006	6547	6442	2485	5581	5682	2688	15998	45	152	-1.0
sample_1011	sample_1047	0.006	1313	7383	0.025	6547	6516	2667	5581	5604	2763	15815	100	203	-1.0
sample_1011	sample_11	-0.259	1849	6788	-0.191	6547	5764	2204	5581	6066	2632	16048	80	132	-1.0
sample_1011	sample_12	-0.251	1803	6690	-0.173	6547	5771	2160	5581	6093	2640	15970	139	190	-1.0
sample_1011	sample_13	-0.285	1853	6720	-0.189	6547	5529	2132	5581	6095	2652	15788	78	134	-1.0
sample_1012	sample_1013	0.028	1224	7409	0.062	6629	6564	2629	5591	5636	2795	16007	12	182	-1.0
sample_1012	sample_1014	0.034	1181	7271	0.070	6629	6443	2582	5591	5502	2745	15585	45	141	-1.0
sample_1012	sample_1015	0.042	1229	7477	0.061	6629	6758	2736	5591	5591	2801	16080	66	133	-1.0
sample_1012	sample_1016	0.025	1274	7515	0.045	6629	6621	2716	5591	5654	2799	16069	47	153	-1.0
sample_1012	sample_1017	0.056	1186	7522	0.080	6629	6634	2745	5591	5499	2811	15854	25	164	-1.0
sample_1012	sample_1018	0.038	1237	7536	0.062	6629	6594	2726	5591	5674	2823	15971	54	148	-1.0
sample_1012	sample_1019	0.024	1250	7384	0.038	6629	6622	2662	5591	5461	2706	15985	25	182	-1.0
sample_1012	sample_1020	0.007	1302	7371	0.018	6629	6542	2648	5591	5591	2705	15990	44	149	-1.0
sample_1012	sample_1021	0.007	1284	7357	0.031	6629	6517	2616	5591	5549	2738	15978	21	173	-1.0
sample_1012	sample_1022	0.026	1262	7342	0.031	6629	6657	2694	5591	5497	2692	15950	58	135	-1.0
sample_1012	sample_1023	-0.014	1356	7217	0.001	6629	6545	2619	5591	5626	2715	15948	15	191	-1.0
sample_1012	sample_1024	0.020	1313	7402	0.015	6629	6774	2761	5591	5594	2712	16127	48	157	-1.0
sample_1012	sample_1028	0.032	1280	7460	0.035	6629	6795	2769	5591	5519	2753	16083	56	141	-1.0
sample_1012	sample_1029	0.025	1247	7377	0.048	6629	6720	2659	5591	5607	2764	16143	43	158	-1.0
sample_1012	sample_1030	0.025	1286	7389	0.030	6629	6816	2739	5591	5582	2741	16101	18	184	-1.0
sample_1012	sample_1031	0.009	1346	7445	-0.001	6629	6703	2751	5591	5549	2684	16053	29	181	-1.0
sample_1012	sample_1032	0.008	1308	7445	0.024	6629	6554	2667	5591	5665	2750	16088	52	148	-1.0
sample_1012	sample_1033	0.015	1354	7493	-0.004	6629	6794	2808	5591	5502	2687	16154	26	172	-1.0
sample_1012	sample_1045	0.081	1109	7428	0.098	6629	6634	2754	5591	5415	2750	15528	15	189	-1.0
sample_1012	sample_1046-duplicate	0.015	1306	7345	0.017	6629	6722	2713	5591	5575	2709	16009	21	178	-1.0
sample_1012	sample_1046	-0.027	1382	7308	-0.005	6629	6442	2591	5591	5682	2737	16025	23	181	-1.0
sample_1012	sample_1047	0.006	1284	7275	0.033	6629	6516	2609	5591	5604	2750	15861	61	131	-1.0
sample_1012	sample_11	-0.258	1865	6774	-0.190	6629	5764	2243	5591	6066	2665	16074	47	126	-1.0
sample_1012	sample_12	-0.244	1861	6890	-0.180	6629	5771	2316	5591	6093	2716	16006	73	127	-1.0
sample_1012	sample_13	-0.274	1841	6708	-0.170	6629	5529	2165	5591	6095	2729	15829	42	118	-1.0
sample_1013	sample_1014	0.476	7	9631	0.683	6564	6443	3078	5636	5502	3773	15634	0	199	0.5
sample_1013	sample_1015	0.046	1206	7523	0.067	6564	6758	2713	5636	5591	2789	16091	52	151	-1.0
sample_1013	sample_1016	0.016	1285	7470	0.038	6564	6621	2678	5636	5654	2785	16086	41	162	-1.0
sample_1013	sample_1017	0.027	1243	7401	0.051	6564	6634	2661	5636	5499	2767	15866	18	169	-1.0
sample_1013	sample_1018	0.035	1210	7479	0.071	6564	6594	2650	5636	5674	2820	15983	57	151	-1.0
sample_1013	sample_1019	0.025	1277	7554	0.036	6564	6622	2720	5636	5461	2751	15988	28	172	-1.0
sample_1013	sample_1020	0.015	1271	7508	0.050	6564	6542	2643	5636	5591	2824	16011	53	146	-1.0
sample_1013	sample_1021	0.009	1273	7422	0.042	6564	6517	2605	5636	5549	2777	15993	29	174	-1.0
sample_1013	sample_1022	0.009	1300	7351	0.025	6564	6657	2659	5636	5497	2738	15962	52	143	-1.0
sample_1013	sample_1023	-0.013	1317	7200	0.019	6564	6545	2547	5636	5626	2742	15961	19	176	-1.0
sample_1013	sample_1024	-0.004	1353	7316	-0.001	6564	6774	2681	5636	5594	2701	16153	52	158	-1.0
sample_1013	sample_1028	0.021	1307	7489	0.028	6564	6795	2755	5636	5519	2768	16111	57	145	-1.0
sample_1013	sample_1029	0.010	1298	7439	0.036	6564	6720	2661	5636	5607	2796	16157	47	157	-1.0
sample_1013	sample_1030	0.039	1268	7581	0.051	6564	6816	2793	5636	5582	2823	16133	19	161	-1.0
sample_1013	sample_1031	0.011	1325	7445	0.020	6564	6703	2722	5636	5549	2761	16069	30	158	-1.0
sample_1013	sample_1032	-0.012	1341	7366	0.016	6564	6554	2603	5636	5665	2773	16102	50	153	-1.0
sample_1013	sample_1033	0.005	1354	7437	0.004	6564	6794	2743	5636	5502	2730	16163	29	159	-1.0
sample_1013	sample_1045	0.058	1169	7375	0.077	6564	6634	2721	5636	5415	2756	15540	22	175	-1.0
sample_1013	sample_1046-duplicate	0.015	1313	7446	0.025	6564	6722	2725	5636	5575	2766	16025	22	165	-1.0
sample_1013	sample_1046	-0.030	1400	7396	-0.001	6564	6442	2607	5636	5682	2792	16053	23	169	-1.0
sample_1013	sample_1047	-0.007	1303	7228	0.027	6564	6516	2560	5636	5604	2759	15856	63	131	-1.0
sample_1013	sample_11	-0.268	1884	6796	-0.193	6564	5764	2224	5636	6066	2682	16094	50	145	-1.0
sample_1013	sample_12	-0.250	1852	6854	-0.175	6564	5771	2263	5636	6093	2720	16024	83	118	-1.0
sample_1013	sample_13	-0.288	1851	6713	-0.176	6564	5529	2109	5636	6095	2710	15847	47	129	-1.0
sample_1014	sample_1015	0.496	3	9680	0.683	6443	6758	3199	5502	5591	3762	15708	103	202	0.5
sample_1014	sample_1016	0.035	1212	7330	0.054	6443	6621	2647	5502	5654	2721	15667	101	205	-1.0
sample_1014	sample_1017	0.041	1155	7183	0.071	6443	6634	2576	5502	5499	2703	15448	55	150	-1.0
sample_1014	sample_1018	0.046	1127	7270	0.093	6443	6594	2551	5502	5674	2765	15565	103	207	-1.0
sample_1014	sample_1019	0.053	1153	7396	0.078	6443	6622	2645	5502	5461	2731	15572	58	152	-1.0
sample_1014	sample_1020	0.049	1173	7477	0.085	6443	6542	2659	5502	5591	2812	15600	99	197	-1.0
sample_1014	sample_1021	0.018	1241	7306	0.045	6443	6517	2595	5502	5549	2727	15577	63	145	-1.0
sample_1014	sample_1022	0.045	1195	7404	0.061	6443	6657	2680	5502	5497	2727	15556	101	193	-1.0
sample_1014	sample_1023	0.015	1250	7218	0.041	6443	6545	2594	5502	5626	2724	15554	50	147	-1.0
sample_1014	sample_1024	0.033	1225	7283	0.042	6443	6774	2664	5502	5594	2679	15715	103	210	-1.0
sample_1014	sample_1028	0.041	1195	7273	0.055	6443	6795	2656	5502	5519	2695	15685	113	193	-1.0
sample_1014	sample_1029	0.036	1226	7384	0.055	6443	6720	2684	5502	5607	2755	15723	93	218	-1.0
sample_1014	sample_1030	0.050	1156	7286	0.080	6443	6816	2633	5502	5582	2750	15697	55	152	-1.0
sample_1014	sample_1031	0.053	1189	7414	0.064	6443	6703	2718	5502	5549	2730	15658	70	154	-1.0
sample_1014	sample_1032	0.029	1220	7394	0.056	6443	6554	2625	5502	5665	2746	15687	102	203	-1.0
sample_1014	sample_1033	0.034	1247	7358	0.036	6443	6794	2713	5502	5502	2692	15744	75	140	-1.0
sample_1014	sample_1045	0.083	1041	7200	0.114	6443	6634	2614	5502	5415	2698	15146	51	142	-1.0
sample_1014	sample_1046-duplicate	0.038	1186	7228	0.063	6443	6722	2616	5502	5575	2720	15611	46	130	-1.0
sample_1014	sample_1046	-0.002	1258	7191	0.041	6443	6442	2505	5502	5682	2744	15632	47	134	-1.0
sample_1014	sample_1047	0.010	1275	7210	0.031	6443	6516	2617	5502	5604	2720	15442	110	174	-1.0
sample_1014	sample_11	-0.249	1789	6604	-0.172	6443	5764	2141	5502	6066	2634	15671	77	125	-1.0
sample_1014	sample_12	-0.213	1706	6654	-0.133	6443	5771	2180	5502	6093	2680	15601	132	173	-1.0
sample_1014	sample_13	-0.257	1735	6573	-0.142	6443	5529	2050	5502	6095	2689	15432	76	129	-1.0
sample_1015	sample_1016	0.025	1264	7384	0.041	6758	6621	2691	5591	5654	2756	16144	105	225	-1.0
sample_1015	sample_1017	0.036	1265	7437	0.036	6758	6634	2772	5591	5499	2726	15919	55	160	-1.0
sample_1015	sample_1018	0.036	1227	7405	0.062	6758	6594	2691	5591	5674	2800	16052	133	199	-1.0
sample_1015	sample_1019	0.048	1239	7585	0.052	6758	6622	2795	5591	5461	2764	16058	65	158	-1.0
sample_1015	sample_1020	0.025	1305	7562	0.035	6758	6542	2773	5591	5591	2805	16073	104	216	-1.0
sample_1015	sample_1021	0.028	1254	7446	0.044	6758	6517	2693	5591	5549	2751	16068	66	159	-1.0
sample_1015	sample_1022	0.054	1200	7510	0.067	6758	6657	2759	5591	5497	2768	16036	123	191	-1.0
sample_1015	sample_1023	0.028	1286	7524	0.043	6758	6545	2754	5591	5626	2813	16030	66	151	-1.0
sample_1015	sample_1024	0.055	1245	7620	0.054	6758	6774	2862	5591	5594	2790	16202	110	223	-1.0
sample_1015	sample_1028	0.034	1268	7373	0.030	6758	6795	2765	5591	5519	2704	16175	110	219	-1.0
sample_1015	sample_1029	0.023	1312	7441	0.022	6758	6720	2779	5591	5607	2748	16212	125	204	-1.0
sample_1015	sample_1030	0.053	1263	7614	0.045	6758	6816	2885	5591	5582	2775	16187	71	150	-1.0
sample_1015	sample_1031	0.051	1233	7558	0.056	6758	6703	2805	5591	5549	2774	16135	69	166	-1.0
sample_1015	sample_1032	0.025	1266	7474	0.049	6758	6554	2699	5591	5665	2804	16174	113	214	-1.0
sample_1015	sample_1033	0.048	1252	7540	0.039	6758	6794	2828	5591	5502	2716	16231	65	167	-1.0
sample_1015	sample_1045	0.082	1126	7464	0.090	6758	6634	2794	5591	5415	2737	15623	58	147	-1.0
sample_1015	sample_1046-duplicate	0.031	1246	7336	0.037	6758	6722	2703	5591	5575	2699	16100	59	126	-1.0
sample_1015	sample_1046	-0.009	1330	7307	0.011	6758	6442	2601	5591	5682	2722	16117	62	129	-1.0
sample_1015	sample_1047	0.014	1288	7269	0.028	6758	6516	2669	5591	5604	2733	15922	118	184	-1.0
sample_1015	sample_11	-0.253	1897	6864	-0.201	6758	5764	2335	5591	6066	2673	16157	82	136	-1.0
sample_1015	sample_12	-0.228	1786	6777	-0.155	6758	5771	2256	5591	6093	2706	16091	150	176	-1.0
sample_1015	sample_13	-0.281	1867	6713	-0.184	6758	5529	2183	5591	6095	2706	15918	88	124	-1.0
sample_1016	sample_1017	0.476	3	9707	0.686	6621	6634	3156	5654	5499	3780	15941	0	218	0.5
sample_1016	sample_1018	0.478	0	9782	0.681	6621	6594	3152	5654	5674	3849	16057	128	205	0.5
sample_1016	sample_1019	0.031	1282	7569	0.032	6621	6622	2769	5654	5461	2740	16049	47	179	-1.0
sample_1016	sample_1020	-0.006	1352	7394	0.000	6621	6542	2668	5654	5591	2705	16065	93	229	-1.0
sample_1016	sample_1021	0.014	1308	7530	0.032	6621	6517	2709	5654	5549	2791	16050	49	175	-1.0
sample_1016	sample_1022	0.020	1270	7369	0.033	6621	6657	2671	5654	5497	2724	16024	111	205	-1.0
sample_1016	sample_1023	-0.014	1368	7319	0.005	6621	6545	2646	5654	5626	2766	16021	46	171	-1.0
sample_1016	sample_1024	0.009	1320	7354	0.015	6621	6774	2699	5654	5594	2726	16209	96	240	-1.0
sample_1016	sample_1028	0.027	1262	7374	0.034	6621	6795	2705	5654	5519	2713	16166	100	234	-1.0
sample_1016	sample_1029	0.012	1278	7330	0.031	6621	6720	2637	5654	5607	2729	16213	99	233	-1.0
sample_1016	sample_1030	0.017	1314	7395	0.017	6621	6816	2740	5654	5582	2725	16175	46	174	-1.0
sample_1016	sample_1031	0.013	1314	7382	0.012	6621	6703	2711	5654	5549	2695	16130	64	176	-1.0
sample_1016	sample_1032	-0.011	1333	7325	0.015	6621	6554	2592	5654	5665	2749	16161	104	228	-1.0
sample_1016	sample_1033	0.004	1339	7347	-0.002	6621	6794	2702	5654	5502	2665	16216	46	192	-1.0
sample_1016	sample_1045	0.054	1173	7300	0.067	6621	6634	2705	5654	5415	2710	15604	44	165	-1.0
sample_1016	sample_1046-duplicate	0.014	1303	7375	0.025	6621	6722	2699	5654	5575	2745	16071	50	140	-1.0
sample_1016	sample_1046	-0.029	1387	7347	-0.001	6621	6442	2590	5654	5682	2771	16098	53	141	-1.0
sample_1016	sample_1047	0.011	1290	7358	0.031	6621	6516	2652	5654	5604	2752	15925	104	200	-1.0
sample_1016	sample_11	-0.259	1862	6817	-0.182	6621	5764	2229	5654	6066	2697	16149	80	137	-1.0
sample_1016	sample_12	-0.254	1840	6767	-0.179	6621	5771	2213	5654	6093	2670	16079	139	190	-1.0
sample_1016	sample_13	-0.273	1863	6883	-0.169	6621	5529	2214	5654	6095	2768	15919	79	131	-1.0
sample_1017	sample_1018	0.045	1202	7463	0.073	6634	6594	2703	5499	5674	2808	15826	66	151	-1.0
sample_1017	sample_1019	0.036	1227	7352	0.043	6634	6622	2691	5499	5461	2689	15821	22	181	-1.0
sample_1017	sample_1020	0.017	1274	7357	0.033	6634	6542	2658	5499	5591	2731	15848	47	159	-1.0
sample_1017	sample_1021	0.019	1272	7362	0.027	6634	6517	2669	5499	5549	2695	15834	19	165	-1.0
sample_1017	sample_1022	0.035	1221	7300	0.037	6634	6657	2677	5499	5497	2643	15824	47	160	-1.0
sample_1017	sample_1023	0.021	1275	7349	0.029	6634	6545	2686	5499	5626	2712	15793	23	164	-1.0
sample_1017	sample_1024	0.035	1255	7370	0.031	6634	6774	2739	5499	5594	2678	15974	52	167	-1.0
sample_1017	sample_1028	0.058	1189	7448	0.059	6634	6795	2764	5499	5519	2700	15931	54	160	-1.0
sample_1017	sample_1029	0.050	1204	7469	0.057	6634	6720	2740	5499	5607	2721	15987	50	165	-1.0
sample_1017	sample_1030	0.037	1252	7362	0.041	6634	6816	2750	5499	5582	2730	15953	20	159	-1.0
sample_1017	sample_1031	0.025	1281	7356	0.024	6634	6703	2729	5499	5549	2696	15911	23	169	-1.0
sample_1017	sample_1032	0.009	1296	7327	0.021	6634	6554	2653	5499	5665	2709	15937	51	163	-1.0
sample_1017	sample_1033	0.035	1264	7398	0.025	6634	6794	2760	5499	5502	2667	15998	22	192	-1.0
sample_1017	sample_1045	0.074	1104	7256	0.090	6634	6634	2702	5499	5415	2696	15395	13	165	-1.0
sample_1017	sample_1046-duplicate	0.027	1257	7276	0.033	6634	6722	2692	5499	5575	2696	15856	23	159	-1.0
sample_1017	sample_1046	-0.014	1337	7243	0.009	6634	6442	2582	5499	5682	2724	15878	25	162	-1.0
sample_1017	sample_1047	0.004	1287	7172	0.018	6634	6516	2600	5499	5604	2674	15704	65	139	-1.0
sample_1017	sample_11	-0.232	1817	6805	-0.180	6634	5764	2294	5499	6066	2646	15932	42	151	-1.0
sample_1017	sample_12	-0.215	1778	6841	-0.159	6634	5771	2313	5499	6093	2684	15857	86	128	-1.0
sample_1017	sample_13	-0.261	1785	6669	-0.155	6634	5529	2127	5499	6095	2717	15702	48	140	-1.0
sample_1018	sample_1019	0.031	1237	7464	0.053	6594	6622	2681	5674	5461	2763	15941	71	158	-1.0
sample_1018	sample_1020	0.008	1292	7405	0.034	6594	6542	2638	5674	5591	2776	15967	116	207	-1.0
sample_1018	sample_1021	0.014	1256	7394	0.052	6594	6517	2604	5674	5549	2801	15955	68	159	-1.0
sample_1018	sample_1022	0.037	1213	7417	0.063	6594	6657	2670	5674	5497	2770	15924	130	189	-1.0
sample_1018	sample_1023	-0.003	1331	7315	0.019	6594	6545	2641	5674	5626	2770	15917	52	168	-1.0
sample_1018	sample_1024	0.025	1280	7406	0.035	6594	6774	2724	5674	5594	2757	16097	107	233	-1.0
sample_1018	sample_1028	0.029	1261	7385	0.043	6594	6795	2715	5674	5519	2762	16068	129	205	-1.0
sample_1018	sample_1029	0.020	1291	7417	0.032	6594	6720	2714	5674	5607	2759	16122	93	243	-1.0
sample_1018	sample_1030	0.035	1236	7386	0.048	6594	6816	2704	5674	5582	2740	16081	50	173	-1.0
sample_1018	sample_1031	0.035	1204	7374	0.063	6594	6703	2640	5674	5549	2760	16028	65	176	-1.0
sample_1018	sample_1032	0.020	1289	7573	0.047	6594	6554	2712	5674	5665	2845	16059	120	213	-1.0
sample_1018	sample_1033	0.021	1310	7453	0.019	6594	6794	2756	5674	5502	2722	16113	66	174	-1.0
sample_1018	sample_1045	0.072	1110	7346	0.100	6594	6634	2697	5674	5415	2763	15507	48	162	-1.0
sample_1018	sample_1046-duplicate	0.024	1261	7367	0.046	6594	6722	2681	5674	5575	2777	15978	61	129	-1.0
sample_1018	sample_1046	-0.016	1340	7339	0.022	6594	6442	2576	5674	5682	2802	16001	64	133	-1.0
sample_1018	sample_1047	0.019	1227	7253	0.057	6594	6516	2576	5674	5604	2774	15822	128	179	-1.0
sample_1018	sample_11	-0.248	1856	6883	-0.174	6594	5764	2285	5674	6066	2722	16043	90	127	-1.0
sample_1018	sample_12	-0.234	1791	6825	-0.149	6594	5771	2234	5674	6093	2736	15974	155	178	-1.0
sample_1018	sample_13	-0.248	1759	6772	-0.137	6594	5529	2147	5674	6095	2743	15820	90	127	-1.0
sample_1019	sample_1020	0.481	2	9764	0.685	6622	6542	3150	5461	5591	3743	15989	0	226	0.5
sample_1019	sample_1021	0.472	5	9653	0.674	6622	6517	3083	5461	5549	3688	15960	1	218	0.5
sample_1019	sample_1022	0.024	1253	7304	0.019	6622	6657	2664	5461	5497	2610	15930	63	156	-1.0
sample_1019	sample_1023	0.012	1267	7345	0.035	6622	6545	2611	5461	5626	2727	15930	25	182	-1.0
sample_1019	sample_1024	0.033	1272	7501	0.022	6622	6774	2761	5461	5594	2663	16106	48	181	-1.0
sample_1019	sample_1028	0.025	1322	7484	0.008	6622	6795	2807	5461	5519	2686	16070	65	160	-1.0
sample_1019	sample_1029	0.031	1261	7472	0.032	6622	6720	2729	5461	5607	2699	16125	56	172	-1.0
sample_1019	sample_1030	0.052	1201	7497	0.056	6622	6816	2747	5461	5582	2710	16087	22	159	-1.0
sample_1019	sample_1031	0.036	1227	7398	0.042	6622	6703	2691	5461	5549	2683	16031	28	176	-1.0
sample_1019	sample_1032	0.012	1289	7452	0.025	6622	6554	2654	5461	5665	2715	16071	56	168	-1.0
sample_1019	sample_1033	0.014	1295	7317	0.002	6622	6794	2684	5461	5502	2602	16125	21	182	-1.0
sample_1019	sample_1045	0.080	1087	7364	0.097	6622	6634	2702	5461	5415	2700	15513	20	167	-1.0
sample_1019	sample_1046-duplicate	0.045	1172	7349	0.068	6622	6722	2644	5461	5575	2713	15981	32	170	-1.0
sample_1019	sample_1046	0.007	1246	7334	0.046	6622	6442	2538	5461	5682	2741	16006	34	169	-1.0
sample_1019	sample_1047	0.023	1216	7250	0.047	6622	6516	2579	5461	5604	2691	15824	68	145	-1.0
sample_1019	sample_11	-0.265	1876	6736	-0.211	6622	5764	2224	5461	6066	2597	16055	35	136	-1.0
sample_1019	sample_12	-0.254	1888	6849	-0.209	6622	5771	2309	5461	6093	2636	15993	85	139	-1.0
sample_1019	sample_13	-0.279	1854	6728	-0.193	6622	5529	2167	5461	6095	2654	15827	41	132	-1.0
sample_1020	sample_1021	-0.002	1298	7327	0.018	6542	6517	2586	5591	5549	2698	15980	51	165	-1.0
sample_1020	sample_1022	0.031	1252	7464	0.041	6542	6657	2704	5591	5497	2727	15949	107	202	-1.0
sample_1020	sample_1023	-0.001	1316	7377	0.022	6542	6545	2628	5591	5626	2753	15946	46	159	-1.0
sample_1020	sample_1024	0.025	1288	7506	0.028	6542	6774	2737	5591	5594	2731	16127	94	232	-1.0
sample_1020	sample_1028	0.016	1317	7444	0.017	6542	6795	2739	5591	5519	2729	16071	118	205	-1.0
sample_1020	sample_1029	0.006	1322	7415	0.019	6542	6720	2684	5591	5607	2752	16145	95	228	-1.0
sample_1020	sample_1030	0.042	1217	7482	0.066	6542	6816	2711	5591	5582	2800	16107	51	167	-1.0
sample_1020	sample_1031	0.029	1276	7549	0.040	6542	6703	2744	5591	5549	2772	16058	56	175	-1.0
sample_1020	sample_1032	-0.012	1377	7487	0.006	6542	6554	2675	5591	5665	2787	16074	101	219	-1.0
sample_1020	sample_1033	0.011	1324	7428	0.011	6542	6794	2718	5591	5502	2706	16141	43	184	-1.0
sample_1020	sample_1045	0.067	1129	7349	0.084	6542	6634	2696	5591	5415	2712	15527	44	158	-1.0
sample_1020	sample_1046-duplicate	0.019	1283	7423	0.038	6542	6722	2690	5591	5575	2779	16002	48	136	-1.0
sample_1020	sample_1046	-0.023	1364	7399	0.014	6542	6442	2577	5591	5682	2806	16020	51	138	-1.0
sample_1020	sample_1047	-0.006	1304	7281	0.025	6542	6516	2569	5591	5604	2746	15842	107	191	-1.0
sample_1020	sample_11	-0.255	1853	6829	-0.192	6542	5764	2234	5591	6066	2635	16074	71	139	-1.0
sample_1020	sample_12	-0.261	1885	6814	-0.200	6542	5771	2265	5591	6093	2651	15990	135	184	-1.0
sample_1020	sample_13	-0.278	1835	6724	-0.178	6542	5529	2134	5591	6095	2674	15838	79	128	-1.0
sample_1021	sample_1022	-0.009	1385	7411	-0.018	6517	6657	2709	5549	5497	2672	15938	58	157	-1.0
sample_1021	sample_1023	-0.012	1353	7341	0.004	6517	6545	2625	5549	5626	2726	15933	32	175	-1.0
sample_1021	sample_1024	0.006	1343	7450	0.003	6517	6774	2727	5549	5594	2700	16109	56	173	-1.0
sample_1021	sample_1028	-0.000	1359	7353	-0.010	6517	6795	2717	5549	5519	2662	16068	57	166	-1.0
sample_1021	sample_1029	-0.003	1352	7396	0.000	6517	6720	2685	5549	5607	2706	16122	66	159	-1.0
sample_1021	sample_1030	0.031	1239	7367	0.041	6517	6816	2678	5549	5582	2707	16091	29	158	-1.0
sample_1021	sample_1031	-0.002	1313	7265	0.007	6517	6703	2614	5549	5549	2664	16036	29	189	-1.0
sample_1021	sample_1032	-0.013	1346	7405	0.009	6517	6554	2608	5549	5665	2741	16075	57	167	-1.0
sample_1021	sample_1033	-0.006	1402	7449	-0.028	6517	6794	2762	5549	5502	2649	16121	21	171	-1.0
sample_1021	sample_1045	0.053	1150	7266	0.070	6517	6634	2643	5549	5415	2679	15512	18	170	-1.0
sample_1021	sample_1046-duplicate	0.005	1289	7273	0.020	6517	6722	2611	5549	5575	2687	15991	28	157	-1.0
sample_1021	sample_1046	-0.038	1364	7224	-0.003	6517	6442	2481	5549	5682	2711	16017	30	159	-1.0
sample_1021	sample_1047	0.003	1268	7226	0.032	6517	6516	2555	5549	5604	2715	15826	60	144	-1.0
sample_1021	sample_11	-0.271	1879	6767	-0.195	6517	5764	2198	5549	6066	2676	16064	46	139	-1.0
sample_1021	sample_12	-0.266	1861	6737	-0.191	6517	5771	2188	5549	6093	2664	15986	85	138	-1.0
sample_1021	sample_13	-0.282	1831	6709	-0.173	6517	5529	2101	5549	6095	2701	15826	46	122	-1.0
sample_1022	sample_1023	-0.005	1330	7239	0.003	6657	6545	2626	5497	5626	2677	15910	59	147	-1.0
sample_1022	sample_1024	0.474	1	9603	0.669	6657	6774	3156	5497	5594	3679	16093	103	219	0.5
sample_1022	sample_1028	0.036	1267	7416	0.031	6657	6795	2774	5497	5519	2702	16035	101	216	-1.0
sample_1022	sample_1029	0.010	1346	7401	0.006	6657	6720	2758	5497	5607	2727	16102	116	203	-1.0
sample_1022	sample_1030	0.024	1306	7349	0.015	6657	6816	2772	5497	5582	2695	16063	64	153	-1.0
sample_1022	sample_1031	0.042	1258	7541	0.036	6657	6703	2795	5497	5549	2712	16010	65	165	-1.0
sample_1022	sample_1032	0.002	1353	7454	0.006	6657	6554	2722	5497	5665	2738	16047	111	205	-1.0
sample_1022	sample_1033	0.043	1245	7446	0.032	6657	6794	2776	5497	5502	2668	16096	62	166	-1.0
sample_1022	sample_1045	0.059	1147	7203	0.066	6657	6634	2685	5497	5415	2649	15489	54	149	-1.0
sample_1022	sample_1046-duplicate	0.035	1262	7401	0.030	6657	6722	2760	5497	5575	2687	15964	55	130	-1.0
sample_1022	sample_1046	-0.004	1340	7378	0.007	6657	6442	2652	5497	5682	2721	15985	56	135	-1.0
sample_1022	sample_1047	0.014	1263	7254	0.038	6657	6516	2620	5497	5604	2735	15801	115	180	-1.0
sample_1022	sample_11	-0.237	1792	6757	-0.171	6657	5764	2216	5497	6066	2643	16032	75	132	-1.0
sample_1022	sample_12	-0.245	1847	6744	-0.195	6657	5771	2281	5497	6093	2624	15971	124	191	-1.0
sample_1022	sample_13	-0.270	1837	6710	-0.185	6657	5529	2182	5497	6095	2658	15792	77	127	-1.0
sample_1023	sample_1024	0.489	2	9797	0.680	6545	6774	3202	5626	5594	3810	16085	0	222	0.5
sample_1023	sample_1028	0.042	1237	7521	0.053	6545	6795	2748	5626	5519	2766	16043	51	164	-1.0
sample_1023	sample_1029	0.031	1274	7558	0.049	6545	6720	2750	5626	5607	2824	16092	49	169	-1.0
sample_1023	sample_1030	0.024	1265	7358	0.041	6545	6816	2686	5626	5582	2759	16047	23	164	-1.0
sample_1023	sample_1031	0.024	1235	7346	0.048	6545	6703	2627	5626	5549	2735	16011	17	186	-1.0
sample_1023	sample_1032	-0.003	1306	7376	0.031	6545	6554	2594	5626	5665	2787	16044	45	172	-1.0
sample_1023	sample_1033	0.023	1309	7477	0.018	6545	6794	2768	5626	5502	2718	16096	19	172	-1.0
sample_1023	sample_1045	0.049	1179	7312	0.069	6545	6634	2679	5626	5415	2730	15484	17	181	-1.0
sample_1023	sample_1046-duplicate	0.019	1285	7395	0.031	6545	6722	2693	5626	5575	2741	15965	26	175	-1.0
sample_1023	sample_1046	-0.027	1373	7358	0.005	6545	6442	2571	5626	5682	2773	15986	28	178	-1.0
sample_1023	sample_1047	0.001	1300	7301	0.024	6545	6516	2607	5626	5604	2737	15803	63	137	-1.0
sample_1023	sample_11	-0.262	1873	6779	-0.191	6545	5764	2234	5626	6066	2672	16026	47	155	-1.0
sample_1023	sample_12	-0.256	1873	6833	-0.184	6545	5771	2267	5626	6093	2712	15949	71	143	-1.0
sample_1023	sample_13	-0.280	1855	6739	-0.173	6545	5529	2160	5626	6095	2736	15787	38	142	-1.0
sample_1024	sample_1028	0.045	1277	7580	0.031	6774	6795	2856	5594	5519	2725	16220	100	237	-1.0
sample_1024	sample_1029	0.019	1328	7485	0.013	6774	6720	2786	5594	5607	2731	16267	105	234	-1.0
sample_1024	sample_1030	0.030	1338	7534	0.010	6774	6816	2880	5594	5582	2734	16229	58	168	-1.0
sample_1024	sample_1031	0.040	1231	7426	0.044	6774	6703	2731	5594	5549	2708	16175	52	190	-1.0
sample_1024	sample_1032	0.004	1348	7453	0.005	6774	6554	2720	5594	5665	2724	16215	102	234	-1.0
sample_1024	sample_1033	0.026	1319	7492	0.008	6774	6794	2815	5594	5502	2684	16270	51	189	-1.0
sample_1024	sample_1045	0.063	1147	7281	0.075	6774	6634	2712	5594	5415	2701	15654	50	162	-1.0
sample_1024	sample_1046-duplicate	0.036	1269	7432	0.027	6774	6722	2778	5594	5575	2690	16131	53	141	-1.0
sample_1024	sample_1046	-0.007	1351	7402	0.003	6774	6442	2655	5594	5682	2719	16155	57	144	-1.0
sample_1024	sample_1047	0.013	1308	7355	0.015	6774	6516	2699	5594	5604	2702	15971	115	197	-1.0
sample_1024	sample_11	-0.251	1862	6823	-0.193	6774	5764	2278	5594	6066	2642	16205	81	139	-1.0
sample_1024	sample_12	-0.249	1874	6789	-0.199	6774	5771	2310	5594	6093	2635	16144	129	208	-1.0
sample_1024	sample_13	-0.277	1859	6681	-0.188	6774	5529	2189	5594	6095	2667	15959	77	140	-1.0
sample_1028	sample_1029	0.502	1	10001	0.686	6795	6720	3378	5519	5607	3786	16244	110	223	0.5
sample_1028	sample_1030	0.047	1297	7605	0.030	6795	6816	2915	5519	5582	2759	16193	59	160	-1.0
sample_1028	sample_1031	0.047	1288	7624	0.030	6795	6703	2889	5519	5549	2739	16144	53	185	-1.0
sample_1028	sample_1032	0.024	1239	7336	0.047	6795	6554	2635	5519	5665	2739	16179	92	240	-1.0
sample_1028	sample_1033	0.035	1291	7489	0.015	6795	6794	2822	5519	5502	2667	16238	53	181	-1.0
sample_1028	sample_1045	0.090	1101	7427	0.094	6795	6634	2798	5519	5415	2713	15616	56	151	-1.0
sample_1028	sample_1046-duplicate	0.033	1301	7469	0.014	6795	6722	2825	5519	5575	2679	16106	57	134	-1.0
sample_1028	sample_1046	-0.012	1387	7415	-0.012	6795	6442	2699	5519	5682	2709	16123	60	137	-1.0
sample_1028	sample_1047	0.023	1285	7367	0.025	6795	6516	2721	5519	5604	2706	15929	112	192	-1.0
sample_1028	sample_11	-0.238	1855	6847	-0.196	6795	5764	2339	5519	6066	2626	16161	82	136	-1.0
sample_1028	sample_12	-0.219	1795	6870	-0.166	6795	5771	2329	5519	6093	2673	16101	135	196	-1.0
sample_1028	sample_13	-0.265	1830	6715	-0.182	6795	5529	2197	5519	6095	2656	15929	78	135	-1.0
sample_1029	sample_1030	0.477	4	9651	0.668	6720	6816	3214	5607	5582	3735	16257	0	228	0.5
sample_1029	sample_1031	0.038	1269	7552	0.044	6720	6703	2794	5607	5549	2781	16201	65	177	-1.0
sample_1029	sample_1032	0.017	1297	7509	0.038	6720	6554	2705	5607	5665	2806	16223	107	227	-1.0
sample_1029	sample_1033	0.014	1317	7354	0.005	6720	6794	2725	5607	5502	2661	16292	68	171	-1.0
sample_1029	sample_1045	0.084	1102	7469	0.100	6720	6634	2759	5607	5415	2747	15665	48	163	-1.0
sample_1029	sample_1046-duplicate	0.038	1265	7514	0.039	6720	6722	2786	5607	5575	2748	16165	43	149	-1.0
sample_1029	sample_1046	-0.007	1359	7488	0.011	6720	6442	2674	5607	5682	2781	16181	47	152	-1.0
sample_1029	sample_1047	0.032	1258	7502	0.051	6720	6516	2722	5607	5604	2804	15982	110	196	-1.0
sample_1029	sample_11	-0.268	1903	6759	-0.211	6720	5764	2263	5607	6066	2622	16221	77	142	-1.0
sample_1029	sample_12	-0.263	1911	6798	-0.205	6720	5771	2302	5607	6093	2672	16154	136	198	-1.0
sample_1029	sample_13	-0.299	1906	6635	-0.208	6720	5529	2161	5607	6095	2644	15972	82	135	-1.0
sample_1030	sample_1031	0.056	1220	7562	0.064	6816	6703	2817	5582	5549	2794	16159	31	177	-1.0
sample_1030	sample_1032	0.016	1293	7404	0.031	6816	6554	2691	5582	5665	2758	16195	59	162	-1.0
sample_1030	sample_1033	0.039	1285	7483	0.016	6816	6794	2836	5582	5502	2657	16252	31	182	-1.0
sample_1030	sample_1045	0.087	1095	7369	0.099	6816	6634	2767	5582	5415	2726	15629	19	195	-1.0
sample_1030	sample_1046-duplicate	0.053	1234	7520	0.053	6816	6722	2826	5582	5575	2765	16109	16	183	-1.0
sample_1030	sample_1046	0.015	1314	7503	0.031	6816	6442	2722	5582	5682	2799	16138	18	186	-1.0
sample_1030	sample_1047	0.037	1244	7415	0.056	6816	6516	2726	5582	5604	2802	15951	61	150	-1.0
sample_1030	sample_11	-0.227	1837	6918	-0.176	6816	5764	2364	5582	6066	2692	16181	48	147	-1.0
sample_1030	sample_12	-0.224	1788	6764	-0.161	6816	5771	2283	5582	6093	2677	16112	84	140	-1.0
sample_1030	sample_13	-0.263	1801	6620	-0.165	6816	5529	2146	5582	6095	2680	15943	44	131	-1.0
sample_1031	sample_1032	0.480	2	9780	0.674	6703	6554	3153	5549	5665	3746	16150	0	243	0.5
sample_1031	sample_1033	0.488	2	9801	0.671	6703	6794	3272	5549	5502	3695	16219	0	211	0.5
sample_1031	sample_1045	0.091	1041	7349	0.118	6703	6634	2684	5549	5415	2721	15582	21	190	-1.0
sample_1031	sample_1046-duplicate	0.045	1201	7393	0.058	6703	6722	2702	5549	5575	2724	16064	30	178	-1.0
sample_1031	sample_1046	0.006	1279	7380	0.036	6703	6442	2594	5549	5682	2756	16088	32	180	-1.0
sample_1031	sample_1047	0.017	1250	7247	0.039	6703	6516	2609	5549	5604	2716	15899	70	154	-1.0
sample_1031	sample_11	-0.229	1795	6852	-0.166	6703	5764	2271	5549	6066	2668	16141	55	135	-1.0
sample_1031	sample_12	-0.218	1767	6857	-0.154	6703	5771	2277	5549	6093	2682	16061	95	142	-1.0
sample_1031	sample_13	-0.260	1803	6779	-0.163	6703	5529	2170	5549	6095	2702	15890	62	137	-1.0
sample_1032	sample_1033	0.003	1320	7360	0.005	6554	6794	2662	5665	5502	2665	16239	58	179	-1.0
sample_1032	sample_1045	0.041	1176	7270	0.069	6554	6634	2618	5665	5415	2727	15616	47	163	-1.0
sample_1032	sample_1046-duplicate	-0.001	1328	7333	0.011	6554	6722	2652	5665	5575	2719	16091	46	144	-1.0
sample_1032	sample_1046	-0.043	1409	7315	-0.011	6554	6442	2544	5665	5682	2753	16119	48	147	-1.0
sample_1032	sample_1047	-0.004	1309	7329	0.025	6554	6516	2592	5665	5604	2759	15934	102	203	-1.0
sample_1032	sample_11	-0.268	1877	6826	-0.192	6554	5764	2211	5665	6066	2667	16160	82	133	-1.0
sample_1032	sample_12	-0.241	1829	6924	-0.163	6554	5771	2266	5665	6093	2735	16089	136	193	-1.0
sample_1032	sample_13	-0.288	1860	6782	-0.174	6554	5529	2129	5665	6095	2737	15928	86	127	-1.0
sample_1033	sample_1045	0.083	1107	7367	0.084	6794	6634	2763	5502	5415	2668	15661	15	178	-1.0
sample_1033	sample_1046-duplicate	0.025	1286	7369	0.015	6794	6722	2743	5502	5575	2657	16150	29	163	-1.0
sample_1033	sample_1046	-0.015	1363	7339	-0.007	6794	6442	2630	5502	5682	2686	16180	32	165	-1.0
sample_1033	sample_1047	0.006	1319	7285	0.004	6794	6516	2678	5502	5604	2661	16000	71	149	-1.0
sample_1033	sample_11	-0.235	1845	6925	-0.185	6794	5764	2338	5502	6066	2672	16231	46	137	-1.0
sample_1033	sample_12	-0.215	1786	6951	-0.160	6794	5771	2329	5502	6093	2690	16160	95	141	-1.0
sample_1033	sample_13	-0.255	1798	6767	-0.167	6794	5529	2184	5502	6095	2676	15987	52	140	-1.0
sample_1045	sample_1046-duplicate	0.492	0	9652	0.690	6634	6722	3264	5415	5575	3736	15591	0	199	-1.0
sample_1045	sample_1046	0.485	0	9631	0.698	6634	6442	3126	5415	5682	3779	15592	0	204	-1.0
sample_1045	sample_1047	0.080	1091	7374	0.113	6634	6516	2704	5415	5604	2792	15372	62	135	-1.0
sample_1045	sample_11	-0.218	1747	6596	-0.164	6634	5764	2238	5415	6066	2606	15604	40	146	-1.0
sample_1045	sample_12	-0.178	1656	6716	-0.123	6634	5771	2282	5415	6093	2647	15539	65	143	-1.0
sample_1045	sample_13	-0.218	1710	6637	-0.141	6634	5529	2212	5415	6095	2654	15361	35	130	-1.0
sample_1046-duplicate	sample_1046	0.998	0	16364	0.999	6722	6442	6426	5575	5682	5572	16365	0	348	-1.0
sample_1046-duplicate	sample_1047	0.479	6	9611	0.675	6722	6516	3134	5575	5604	3774	15880	0	183	-1.0
sample_1046-duplicate	sample_11	-0.247	1858	6807	-0.190	6722	5764	2293	5575	6066	2658	16092	39	114	-1.0
sample_1046-duplicate	sample_12	-0.215	1761	6848	-0.145	6722	5771	2279	5575	6093	2715	16017	65	123	-1.0
sample_1046-duplicate	sample_13	-0.257	1813	6783	-0.164	6722	5529	2204	5575	6095	2712	15848	37	117	-1.0
sample_1046	sample_1047	0.465	6	9622	0.679	6442	6516	3006	5682	5604	3819	15890	0	188	-1.0
sample_1046	sample_11	-0.301	1967	6793	-0.220	6442	5764	2201	5682	6066	2684	16114	40	117	-1.0
sample_1046	sample_12	-0.263	1857	6834	-0.173	6442	5771	2194	5682	6093	2733	16035	67	128	-1.0
sample_1046	sample_13	-0.314	1916	6751	-0.193	6442	5529	2098	5682	6095	2733	15862	38	122	-1.0
sample_1047	sample_11	-0.240	1814	6842	-0.161	6516	5764	2246	5604	6066	2723	15921	80	120	-1.0
sample_1047	sample_12	-0.218	1746	6845	-0.137	6516	5771	2235	5604	6093	2722	15859	140	165	-1.0
sample_1047	sample_13	-0.235	1715	6771	-0.119	6516	5529	2128	5604	6095	2765	15686	83	110	-1.0
sample_11	sample_12	0.008	1126	8484	0.215	5764	5771	2298	6066	6093	3559	16090	59	157	-1.0
sample_11	sample_13	0.472	1	10429	0.734	5764	5529	2613	6066	6095	4456	15935	1	220	0.5
sample_12	sample_13	0.491	4	10594	0.739	5771	5529	2723	6093	6095	4509	15862	1	216	0.5
